id,company_id/id,currency_id/id,tag_ids/id,name,code,account_type,reconcile,create_asset,deprecated,opening_credit,opening_debit,opening_balance
marin.account_101_01_001_company_lmmr,marin.company_lmmr,,,Cash main,101.01.001,Bank and Cash,,No,,,,
marin.account_102_01_000_company_lmmr,marin.company_lmmr,,,Bank suspense account,102.01.000,Current Assets,,No,,,,
marin.account_102_01_001_company_lmmr,marin.company_lmmr,,,Bank BBVA 0478986592,102.01.001,Bank and Cash,,No,,,,
marin.account_102_01_002_company_lmmr,marin.company_lmmr,,,Bank BBVA 0110152269,102.01.002,Bank and Cash,,No,,,,
marin.account_102_01_003_company_lmmr,marin.company_lmmr,,,Bank Efectivale - Expenses,102.01.003,Bank and Cash,,No,,,,
marin.account_102_01_004_company_lmmr,marin.company_lmmr,,,Bank BanBajio 0038383038,102.01.004,Bank and Cash,,No,,,,
marin.account_102_01_010_company_lmmr,marin.company_lmmr,,,Bank BBVA Payroll,102.01.010,Bank and Cash,,No,,,,
marin.account_102_01_111_company_lmmr,marin.company_lmmr,,,Liquidity transfer,102.01.111,Current Assets,True,No,,,,
marin.account_105_01_001_company_lmmr,marin.company_lmmr,,,Domestic customers FF,105.01.001,Receivable,True,No,,,,
marin.account_105_01_002_company_lmmr,marin.company_lmmr,,,Domestic customers NF,105.01.002,Receivable,True,No,,,,
marin.account_113_01_001_company_lmmr,marin.company_lmmr,,,VAT in favor,113.01.001,Current Assets,,No,,,,
marin.account_113_02_001_company_lmmr,marin.company_lmmr,,,Income tax in favor,113.02.001,Current Assets,,No,,,,
marin.account_113_08_001_company_lmmr,marin.company_lmmr,,,Other taxes in favor,113.08.001,Current Assets,,No,,,,
marin.account_114_01_001_company_lmmr,marin.company_lmmr,,,Provisional income tax payments,114.01.001,Current Assets,,No,,,,
marin.account_115_01_001_company_lmmr,marin.company_lmmr,,,Inventory FF,115.01.001,Current Assets,,No,,,,
marin.account_115_01_002_company_lmmr,marin.company_lmmr,,,Inventory NF,115.01.002,Current Assets,,No,,,,
marin.account_118_01_001_company_lmmr,marin.company_lmmr,,,Paid VAT creditable,118.01.001,Current Assets,,No,,,,
marin.account_118_03_001_company_lmmr,marin.company_lmmr,,,Paid IEPS creditable,118.03.001,Current Assets,,No,,,,
marin.account_119_01_001_company_lmmr,marin.company_lmmr,,,Unpaid VAT creditable,119.01.001,Current Assets,True,No,,,,
marin.account_119_01_002_company_lmmr,marin.company_lmmr,,,Non-deductible unpaid VAT,119.01.002,Current Liabilities,True,No,,,,
marin.account_119_03_001_company_lmmr,marin.company_lmmr,,,Unpaid IEPS creditable,119.03.001,Current Assets,True,No,,,,
marin.account_120_01_001_company_lmmr,marin.company_lmmr,,,Domestic suppliers advance FF,120.01.001,Prepayments,True,No,,,,
marin.account_120_01_002_company_lmmr,marin.company_lmmr,,,Domestic suppliers advance NF,120.01.002,Prepayments,True,No,,,,
marin.account_151_01_001_company_lmmr,marin.company_lmmr,,,Lands FF,151.01.001,Fixed Assets,,Create in draft,,,,
marin.account_151_01_002_company_lmmr,marin.company_lmmr,,,Lands NF,151.01.002,Fixed Assets,,Create in draft,,,,
marin.account_153_01_001_company_lmmr,marin.company_lmmr,,,Machinery and equipment FF,153.01.001,Fixed Assets,,Create in draft,,,,
marin.account_153_01_002_company_lmmr,marin.company_lmmr,,,Machinery and equipment NF,153.01.002,Fixed Assets,,Create in draft,,,,
marin.account_154_01_001_company_lmmr,marin.company_lmmr,,,"Automobiles, trucks, forklifts and trailers FF",154.01.001,Fixed Assets,,Create in draft,,,,
marin.account_154_01_002_company_lmmr,marin.company_lmmr,,,"Automobiles, trucks, forklifts and trailers NF",154.01.002,Fixed Assets,,Create in draft,,,,
marin.account_155_01_001_company_lmmr,marin.company_lmmr,,,Furniture and office equipment FF,155.01.001,Fixed Assets,,Create in draft,,,,
marin.account_155_01_002_company_lmmr,marin.company_lmmr,,,Furniture and office equipment NF,155.01.002,Fixed Assets,,Create in draft,,,,
marin.account_156_01_001_company_lmmr,marin.company_lmmr,,,Computing equipment FF,156.01.001,Fixed Assets,,Create in draft,,,,
marin.account_160_01_001_company_lmmr,marin.company_lmmr,,,Other fixed assets FF,160.01.001,Fixed Assets,,Create in draft,,,,
marin.account_165_01_001_company_lmmr,marin.company_lmmr,,,Communications equipment FF,165.01.001,Fixed Assets,,Create in draft,,,,
marin.account_165_01_002_company_lmmr,marin.company_lmmr,,,Communications equipment NF,165.01.002,Fixed Assets,,Create in draft,,,,
marin.account_179_01_001_company_lmmr,marin.company_lmmr,,,Brands and patents FF,179.01.001,Fixed Assets,,Create in draft,,,,
marin.account_201_01_001_company_lmmr,marin.company_lmmr,,,Domestic suppliers FF,201.01.001,Payable,True,No,,,,
marin.account_201_01_002_company_lmmr,marin.company_lmmr,,,Domestic suppliers NF,201.01.002,Payable,True,No,,,,
marin.account_201_02_001_company_lmmr,marin.company_lmmr,,,Foreign suppliers FF,201.02.001,Payable,True,No,,,,
marin.account_202_03_001_company_lmmr,marin.company_lmmr,,,Payments done by thirth party in name of the company FF,202.03.001,Current Liabilities,True,No,,,,
marin.account_202_03_002_company_lmmr,marin.company_lmmr,,,Bank BBVA CC 5435,202.03.002,Credit Card,,No,,,,
marin.account_202_03_099_company_lmmr,marin.company_lmmr,,,Returned bank transactions,202.03.099,Current Liabilities,True,No,,,,
marin.account_206_01_001_company_lmmr,marin.company_lmmr,,,Customer advance FF,206.01.001,Current Liabilities,True,No,,,,
marin.account_208_01_001_company_lmmr,marin.company_lmmr,,,Collected transfered VAT,208.01.001,Current Liabilities,,No,,,,
marin.account_208_02_001_company_lmmr,marin.company_lmmr,,,Collected transfered IEPS,208.02.001,Current Liabilities,,No,,,,
marin.account_209_01_001_company_lmmr,marin.company_lmmr,,,Uncollected transfered VAT,209.01.001,Current Liabilities,True,No,,,,
marin.account_209_02_001_company_lmmr,marin.company_lmmr,,,Uncollected transfered IEPS,209.02.001,Current Liabilities,True,No,,,,
marin.account_210_01_001_company_lmmr,marin.company_lmmr,,,Provision for wages and salaries payable,210.01.001,Current Liabilities,True,No,,,,
marin.account_213_01_001_company_lmmr,marin.company_lmmr,,,VAT payable,213.01.001,Current Liabilities,,No,,,,
marin.account_213_03_001_company_lmmr,marin.company_lmmr,,,Income tax payable,213.03.001,Current Liabilities,,No,,,,
marin.account_213_05_001_company_lmmr,marin.company_lmmr,,,State and municipal taxes payable,213.05.001,Current Liabilities,,No,,,,
marin.account_216_01_001_company_lmmr,marin.company_lmmr,,,Income tax withholdings from wages and salaries,216.01.001,Current Liabilities,True,No,,,,
marin.account_216_03_001_company_lmmr,marin.company_lmmr,,,Income tax withholdings from leasing,216.03.001,Current Liabilities,,No,,,,
marin.account_216_03_002_company_lmmr,marin.company_lmmr,,,Uncollected income tax withholdings from leasing,216.03.002,Current Liabilities,True,No,,,,
marin.account_216_10_002_company_lmmr,marin.company_lmmr,,,VAT withholdings from leasing,216.10.002,Current Liabilities,,No,,,,
marin.account_216_10_010_company_lmmr,marin.company_lmmr,,,VAT withholdings,216.10.010,Current Liabilities,,No,,,,
marin.account_216_10_020_company_lmmr,marin.company_lmmr,,,VAT withholdings actually paid,216.10.020,Current Liabilities,,No,,,,
marin.account_252_07_001_company_lmmr,marin.company_lmmr,,,Long-term national mortgages payable,252.07.001,Non-current Liabilities,True,No,,,,
marin.account_302_01_001_company_lmmr,marin.company_lmmr,,,Equity FF,302.01.001,Equity,,No,,,,
marin.account_302_01_002_company_lmmr,marin.company_lmmr,,,Equity NF,302.01.002,Equity,,No,,,,
marin.account_304_01_001_company_lmmr,marin.company_lmmr,,,Profit from prior periods FF,304.01.001,Equity,,No,,,,
marin.account_304_01_002_company_lmmr,marin.company_lmmr,,,Profit from prior periods NF,304.01.002,Equity,,No,,,,
marin.account_304_02_001_company_lmmr,marin.company_lmmr,,,Loss from prior periods FF,304.02.001,Equity,,No,,,,
marin.account_304_02_002_company_lmmr,marin.company_lmmr,,,Loss from prior periods NF,304.02.002,Equity,,No,,,,
marin.account_305_01_001_company_lmmr,marin.company_lmmr,,,Net income FF,305.01.001,Equity,,No,,,,
marin.account_305_01_002_company_lmmr,marin.company_lmmr,,,Net income NF,305.01.002,Equity,,No,,,,
marin.account_305_02_001_company_lmmr,marin.company_lmmr,,,Net loss FF,305.02.001,Equity,,No,,,,
marin.account_305_02_002_company_lmmr,marin.company_lmmr,,,Net loss NF,305.02.002,Equity,,No,,,,
marin.account_401_01_001_company_lmmr,marin.company_lmmr,,,Sales 16% FF,401.01.001,Income,,No,,,,
marin.account_401_04_001_company_lmmr,marin.company_lmmr,,,Sales 0% FF,401.04.001,Income,,No,,,,
marin.account_401_04_0018_company_lmmr,marin.company_lmmr,,,Sales NF discounts for payment in FX multi company,401.04.0018,Cost of Revenue,,No,,,,
marin.account_401_04_002_company_lmmr,marin.company_lmmr,,,Sales 0% NF,401.04.002,Income,,No,,,,
marin.account_401_04_003_company_lmmr,marin.company_lmmr,,,Sales 0% FX - Discounts on sales NF due payment in FX,401.04.003,Income,,No,True,,,
marin.account_401_04_004_company_lmmr,marin.company_lmmr,,,Sales 0% FX - Discounts on sales NF LMMR,401.04.004,Income,,No,,,,
marin.account_401_04_005_company_lmmr,marin.company_lmmr,,,Sales 0% FX - Self cash trade --> self bank,401.04.005,Income,,No,,,,
marin.account_401_04_006_company_lmmr,marin.company_lmmr,,,Sales 0% FX - Multi company cash trade --> self bank,401.04.006,Income,,No,,,,
marin.account_401_04_007_company_lmmr,marin.company_lmmr,,,Sales 0% FX - self bank trade --> self cash to thirth parties,401.04.007,Income,,No,,,,
marin.account_401_04_008_company_lmmr,marin.company_lmmr,,,Sales 0% FX - self bank trade --> multi company cash to thirth parties,401.04.008,Income,,No,,,,
marin.account_401_04_010_company_lmmr,marin.company_lmmr,,,Sales 0% FX - Bank trade LMMR --> Bank LMMG,401.04.010,Income,,No,,,,
marin.account_401_04_011_company_lmmr,marin.company_lmmr,,,Sales 0% FX - Bank trade GLMM --> Bank LMMG,401.04.011,Income,,No,,,,
marin.account_401_04_013_company_lmmr,marin.company_lmmr,,,Sales 0% FX - without invoice without discount over sales NF,401.04.013,Income,,No,,,,
marin.account_401_04_014_company_lmmr,marin.company_lmmr,,,Sales 0% FX - without invoice with discount over sales NF,401.04.014,Income,,No,,,,
marin.account_401_04_015_company_lmmr,marin.company_lmmr,,,Sales 0% FX - with invoice without discount over sales NF,401.04.015,Income,,No,,,,
marin.account_401_04_016_company_lmmr,marin.company_lmmr,,,Sales 0% NFX,401.04.016,Income,,No,,,,
marin.account_401_04_017_company_lmmr,marin.company_lmmr,,,Sales NF discounts for payment in kind,401.04.017,Cost of Revenue,,No,,,,
marin.account_401_22_001_company_lmmr,marin.company_lmmr,,,Rental income FF,401.22.001,Income,,No,,,,
marin.account_401_22_002_company_lmmr,marin.company_lmmr,,,Rental income NF,401.22.002,Income,,No,,,,
marin.account_501_01_001_company_lmmr,marin.company_lmmr,,,Cost of sales FF,501.01.001,Cost of Revenue,,No,,,,
marin.account_501_01_002_company_lmmr,marin.company_lmmr,,,Cost of sales NF,501.01.002,Cost of Revenue,,No,,,,
marin.account_501_01_003_company_lmmr,marin.company_lmmr,,,Cost of sales FX,501.01.003,Cost of Revenue,,No,,,,
marin.account_503_01_005_company_lmmr,marin.company_lmmr,,,Purchase discounts for payment in kind NF,503.01.005,Other Income,,No,,,,
marin.account_503_01_006_company_lmmr,marin.company_lmmr,,,Purchase discounts due payment in LMMR,503.01.006,Other Income,,No,,,,
marin.account_504_08_001_company_lmmr,marin.company_lmmr,,,Machinery and equipment depreciation FF,504.08.001,Depreciation,,No,,,,
marin.account_504_08_002_company_lmmr,marin.company_lmmr,,,Machinery and equipment depreciation NF,504.08.002,Depreciation,,No,,,,
marin.account_504_09_001_company_lmmr,marin.company_lmmr,,,"Automobiles, buses and trucks depreciation FF",504.09.001,Depreciation,,No,,,,
marin.account_504_09_002_company_lmmr,marin.company_lmmr,,,"Automobiles, buses and trucks depreciation NF",504.09.002,Depreciation,,No,,,,
marin.account_504_10_001_company_lmmr,marin.company_lmmr,,,Furniture and office equipment depreciation FF,504.10.001,Depreciation,,No,,,,
marin.account_504_10_002_company_lmmr,marin.company_lmmr,,,Furniture and office equipment depreciation NF,504.10.002,Depreciation,,No,,,,
marin.account_504_11_001_company_lmmr,marin.company_lmmr,,,Computing equipment depreciation FF,504.11.001,Depreciation,,No,,,,
marin.account_504_12_001_company_lmmr,marin.company_lmmr,,,Communications equipment depreciation FF,504.12.001,Depreciation,,No,,,,
marin.account_504_14_001_company_lmmr,marin.company_lmmr,,,Land depreciation FF,504.14.001,Depreciation,,No,,,,
marin.account_504_14_002_company_lmmr,marin.company_lmmr,,,Land depreciation NF,504.14.002,Depreciation,,No,,,,
marin.account_601_15_001_company_lmmr,marin.company_lmmr,,,Despensa personal FF,601.15.001,Expenses,,No,,,,
marin.account_601_15_002_company_lmmr,marin.company_lmmr,,,Personal pantry NF,601.15.002,Expenses,,No,,,,
marin.account_601_17_001_company_lmmr,marin.company_lmmr,,,Medical services FF,601.17.001,Expenses,,No,,,,
marin.account_601_17_002_company_lmmr,marin.company_lmmr,,,Medical services NF,601.17.002,Expenses,,No,,,,
marin.account_601_52_001_company_lmmr,marin.company_lmmr,,,Electric power FF,601.52.001,Expenses,,No,,,,
marin.account_601_52_002_company_lmmr,marin.company_lmmr,,,Electric power NF,601.52.002,Expenses,,No,,,,
marin.account_601_58_001_company_lmmr,marin.company_lmmr,,,Other taxes and duties FF,601.58.001,Expenses,,No,,,,
marin.account_601_63_001_company_lmmr,marin.company_lmmr,,,Donations and aids FF,601.63.001,Expenses,,No,,,,
marin.account_601_63_002_company_lmmr,marin.company_lmmr,,,Donations and aids NF,601.63.002,Expenses,,No,,,,
marin.account_601_83_001_company_lmmr,marin.company_lmmr,,,Non-deductible expenses - personal,601.83.001,Expenses,,No,,,,
marin.account_601_83_008_company_lmmr,marin.company_lmmr,,,Non-deductible expenses - Actualizaciones,601.83.008,Expenses,,No,,,,
marin.account_601_84_001_company_lmmr,marin.company_lmmr,,,Other general expenses FF,601.84.001,Expenses,,No,,,,
marin.account_601_84_002_company_lmmr,marin.company_lmmr,,,Other general expenses NF,601.84.002,Expenses,,No,,,,
marin.account_602_01_001_company_lmmr,marin.company_lmmr,,,Wages and salaries FF,602.01.001,Expenses,,No,,,,
marin.account_602_01_002_company_lmmr,marin.company_lmmr,,,Wages and salaries NF,602.01.002,Expenses,,No,,,,
marin.account_602_16_001_company_lmmr,marin.company_lmmr,,,Transportation FF,602.16.001,Expenses,,No,,,,
marin.account_602_16_002_company_lmmr,marin.company_lmmr,,,Transportation NF,602.16.002,Expenses,,No,,,,
marin.account_602_48_001_company_lmmr,marin.company_lmmr,,,Fuel and lubricants FF,602.48.001,Expenses,,No,,,,
marin.account_602_48_002_company_lmmr,marin.company_lmmr,,,Fuel and lubricants NF,602.48.002,Expenses,,No,,,,
marin.account_602_49_001_company_lmmr,marin.company_lmmr,,,Per diems and travel expenses FF,602.49.001,Expenses,,No,,,,
marin.account_602_49_002_company_lmmr,marin.company_lmmr,,,Per diems and travel expenses NF,602.49.002,Expenses,,No,,,,
marin.account_602_50_001_company_lmmr,marin.company_lmmr,,,"Telephone, internet FF",602.50.001,Expenses,,No,,,,
marin.account_602_50_002_company_lmmr,marin.company_lmmr,,,"Telephone, internet NF",602.50.002,Expenses,,No,,,,
marin.account_602_51_001_company_lmmr,marin.company_lmmr,,,Water FF,602.51.001,Expenses,,No,,,,
marin.account_602_52_001_company_lmmr,marin.company_lmmr,,,Electric power FF,602.52.001,Expenses,,No,,,,
marin.account_602_52_002_company_lmmr,marin.company_lmmr,,,Electric power NF,602.52.002,Expenses,,No,,,,
marin.account_602_54_001_company_lmmr,marin.company_lmmr,,,Cleaning articles and expenses FF,602.54.001,Expenses,,No,,,,
marin.account_602_54_002_company_lmmr,marin.company_lmmr,,,Cleaning articles and expenses NF,602.54.002,Expenses,,No,,,,
marin.account_602_56_001_company_lmmr,marin.company_lmmr,,,Maintenance and conservation FF,602.56.001,Expenses,,No,,,,
marin.account_602_56_002_company_lmmr,marin.company_lmmr,,,Maintenance and conservation NF,602.56.002,Expenses,,No,,,,
marin.account_602_57_001_company_lmmr,marin.company_lmmr,,,Insurance and bonds FF,602.57.001,Expenses,,No,,,,
marin.account_602_61_001_company_lmmr,marin.company_lmmr,,,"Promotion, advertising and publicity FF",602.61.001,Expenses,,No,,,,
marin.account_602_61_002_company_lmmr,marin.company_lmmr,,,"Promotion, advertising and publicity NF",602.61.002,Expenses,,No,,,,
marin.account_602_62_001_company_lmmr,marin.company_lmmr,,,Employee training FF,602.62.001,Expenses,,No,,,,
marin.account_602_72_001_company_lmmr,marin.company_lmmr,,,Freight and haulage FF,602.72.001,Expenses,,No,,,,
marin.account_602_72_002_company_lmmr,marin.company_lmmr,,,Freight and haulage NF,602.72.002,Expenses,,No,,,,
marin.account_602_74_001_company_lmmr,marin.company_lmmr,,,Sales commissions FF,602.74.001,Expenses,,No,,,,
marin.account_602_74_002_company_lmmr,marin.company_lmmr,,,Sales commissions NF,602.74.002,Expenses,,No,,,,
marin.account_602_77_001_company_lmmr,marin.company_lmmr,,,Uniforms FF,602.77.001,Expenses,,No,,,,
marin.account_602_83_001_company_lmmr,marin.company_lmmr,,,Non-deductible expenses - without fiscal requirements,602.83.001,Expenses,,No,,,,
marin.account_602_83_002_company_lmmr,marin.company_lmmr,,,Non-deductible expenses - Fuel and lubricants,602.83.002,Expenses,,No,,,,
marin.account_602_83_003_company_lmmr,marin.company_lmmr,,,Non-deductible expenses - Bank commissions,602.83.003,Expenses,,No,,,,
marin.account_602_83_004_company_lmmr,marin.company_lmmr,,,Non-deductible expenses - Per diem and travel expenses,602.83.004,Expenses,,No,,,,
marin.account_602_83_005_company_lmmr,marin.company_lmmr,,,Non-deductible expenses - Maintenance and conservation,602.83.005,Expenses,,No,,,,
marin.account_602_83_007_company_lmmr,marin.company_lmmr,,,Non-deductible expenses - non-deductible VAT,602.83.007,Expenses,,No,,,,
marin.account_602_83_008_company_lmmr,marin.company_lmmr,,,Non-deductible expenses - Freight and haulage,602.83.008,Expenses,,No,,,,
marin.account_602_84_001_company_lmmr,marin.company_lmmr,,,Other sales expenses FF,602.84.001,Expenses,,No,,,,
marin.account_602_84_002_company_lmmr,marin.company_lmmr,,,Other sales expenses NF,602.84.002,Expenses,,No,,,,
marin.account_603_01_001_company_lmmr,marin.company_lmmr,,,Wages and salaries FF,603.01.001,Expenses,,No,,,,
marin.account_603_01_002_company_lmmr,marin.company_lmmr,,,Wages and salaries NF,603.01.002,Expenses,,No,,,,
marin.account_603_100_001_company_lmmr,marin.company_lmmr,,,Cash trade LMMG --> Bank LMMR,603.100.001,Expenses,,No,,,,
marin.account_603_100_003_company_lmmr,marin.company_lmmr,,,Cash trade LMMG --> Bank GLMM,603.100.003,Expenses,,No,,,,
marin.account_603_101_001_company_lmmr,marin.company_lmmr,,,Bank trade LMMG --> Bank LMMR,603.101.001,Expenses,,No,,,,
marin.account_603_101_003_company_lmmr,marin.company_lmmr,,,Bank trade LMMG --> Bank GLMM,603.101.003,Expenses,,No,,,,
marin.account_603_102_001_company_lmmr,marin.company_lmmr,,,Bank trade LMMR --> cash LMMG to thirth parties,603.102.001,Expenses,,No,,,,
marin.account_603_102_003_company_lmmr,marin.company_lmmr,,,Bank trade GLMM --> cash LMMG to thirth parties,603.102.003,Expenses,,No,,,,
marin.account_603_32_001_company_lmmr,marin.company_lmmr,,,Administrative services FF,603.32.001,Expenses,,No,,,,
marin.account_603_32_002_company_lmmr,marin.company_lmmr,,,Administrative services NF,603.32.002,Expenses,,No,,,,
marin.account_603_34_001_company_lmmr,marin.company_lmmr,,,Professional fees FF,603.34.001,Expenses,,No,,,,
marin.account_603_34_002_company_lmmr,marin.company_lmmr,,,Professional fees NF,603.34.002,Expenses,,No,,,,
marin.account_603_45_001_company_lmmr,marin.company_lmmr,,,Lease to individuals FF,603.45.001,Expenses,,No,,,,
marin.account_603_45_002_company_lmmr,marin.company_lmmr,,,Lease to individuals NF,603.45.002,Expenses,,No,,,,
marin.account_603_55_001_company_lmmr,marin.company_lmmr,,,Office supplies and stationery FF,603.55.001,Expenses,,No,,,,
marin.account_603_55_002_company_lmmr,marin.company_lmmr,,,Office supplies and stationery NF,603.55.002,Expenses,,No,,,,
marin.account_603_58_001_company_lmmr,marin.company_lmmr,,,Other taxes and duties FF,603.58.001,Expenses,,No,,,,
marin.account_603_58_002_company_lmmr,marin.company_lmmr,,,Other taxes and duties NF,603.58.002,Expenses,,No,,,,
marin.account_603_59_001_company_lmmr,marin.company_lmmr,,,Tax penalties FF,603.59.001,Expenses,,No,,,,
marin.account_603_62_001_company_lmmr,marin.company_lmmr,,,Employee training FF,603.62.001,Expenses,,No,,,,
marin.account_603_83_006_company_lmmr,marin.company_lmmr,,,Non-deductible expenses - Administrative services,603.83.006,Expenses,,No,,,,
marin.account_611_01_001_company_lmmr,marin.company_lmmr,,,Income tax - ISR,611.01.001,Expenses,,No,,,,
marin.account_701_01_001_company_lmmr,marin.company_lmmr,,,Currency exchange loss,701.01.001,Expenses,,No,,,,
marin.account_701_04_001_company_lmmr,marin.company_lmmr,,,Interest expense to domestic bank FF,701.04.001,Expenses,,No,,,,
marin.account_701_08_001_company_lmmr,marin.company_lmmr,,,Interest expense to domestic legal entities FF,701.08.001,Expenses,,No,,,,
marin.account_701_10_001_company_lmmr,marin.company_lmmr,,,Bank commissions FF,701.10.001,Expenses,,No,,,,
marin.account_702_01_001_company_lmmr,marin.company_lmmr,,,Currency exchange gain,702.01.001,Other Income,,No,,,,
marin.account_703_21_001_company_lmmr,marin.company_lmmr,,,Other expenses FF,703.21.001,Expenses,,No,,,,
marin.account_703_21_002_company_lmmr,marin.company_lmmr,,,Loss due to cash discrepancy,703.21.002,Expenses,,No,,,,
marin.account_703_21_003_company_lmmr,marin.company_lmmr,,,Loss from cash discount,703.21.003,Expenses,,No,,,,
marin.account_704_01_001_company_lmmr,marin.company_lmmr,,,Gain on sale and/or disposal of lands FF,704.01.001,Other Income,,No,,,,
marin.account_704_03_001_company_lmmr,marin.company_lmmr,,,Gain on sale and/or disposal of machinery and equipment FF,704.03.001,Other Income,,No,,,,
marin.account_704_04_001_company_lmmr,marin.company_lmmr,,,"Gain on sale and/or disposal of automobiles, buses, trucks, forklifts or trailers FF",704.04.001,Other Income,,No,,,,
marin.account_704_04_002_company_lmmr,marin.company_lmmr,,,"Gain on sale and/or disposal of automobiles, buses, trucks, forklifts or trailers NF",704.04.002,Other Income,,No,,,,
marin.account_704_22_001_company_lmmr,marin.company_lmmr,,,Gain from cash discount,704.22.001,Other Income,,No,,,,
marin.account_704_23_001_company_lmmr,marin.company_lmmr,,,Other products FF,704.23.001,Other Income,,No,,,,
marin.account_704_23_002_company_lmmr,marin.company_lmmr,,,Gain from cash discrepancy,704.23.002,Other Income,,No,,,,
marin.account_704_23_003_company_lmmr,marin.company_lmmr,,,Indemnities FF,704.23.003,Other Income,,No,,,,
marin.account_899_01_099_company_lmmr,marin.company_lmmr,,,Cash flow basis for taxation,899.01.099,Expenses,,No,,,,
marin.account_101_01_001_company_tjgl,marin.company_tjgl,,,Cash main,101.01.001,Bank and Cash,,No,,,,
marin.account_101_01_003_company_tjgl,marin.company_tjgl,,,Cash USD,101.01.003,Bank and Cash,,No,,,,
marin.account_101_01_005_company_tjgl,marin.company_tjgl,,,Cash BAL,101.01.005,Bank and Cash,,No,,,,
marin.account_101_01_007_company_tjgl,marin.company_tjgl,,,Cash SJN,101.01.007,Bank and Cash,,No,,,,
marin.account_102_01_000_company_tjgl,marin.company_tjgl,,,Bank suspense account,102.01.000,Current Assets,,No,,,,
marin.account_102_01_001_company_tjgl,marin.company_tjgl,,,Bank BBVA 0194254961,102.01.001,Bank and Cash,,No,,,,
marin.account_102_01_002_company_tjgl,marin.company_tjgl,,,Bank Banorte 0313328770,102.01.002,Bank and Cash,,No,,,,
marin.account_102_01_003_company_tjgl,marin.company_tjgl,,,Bank Efectivale - Expenses,102.01.003,Bank and Cash,,No,,,,
marin.account_102_01_004_company_tjgl,marin.company_tjgl,,,Bank BanBajio 0038383478,102.01.004,Bank and Cash,,No,,,,
marin.account_102_01_020_company_tjgl,marin.company_tjgl,,,Bank BBVA meta segura,102.01.020,Bank and Cash,,No,,,,
marin.account_102_01_111_company_tjgl,marin.company_tjgl,,,Liquidity transfer,102.01.111,Current Assets,True,No,,,,
marin.account_102_01_112_company_tjgl,marin.company_tjgl,,,Balance transfer between clients,102.01.112,Current Assets,True,No,,,,
marin.account_105_01_001_company_tjgl,marin.company_tjgl,,,Domestic customers FF,105.01.001,Receivable,True,No,,,,
marin.account_105_01_002_company_tjgl,marin.company_tjgl,,,Domestic customers NF,105.01.002,Receivable,True,No,,,,
marin.account_107_01_001_company_tjgl,marin.company_tjgl,,,Officers and employees FF,107.01.001,Payable,True,No,,,,
marin.account_107_01_002_company_tjgl,marin.company_tjgl,,,Officers and employees NF,107.01.002,Payable,True,No,,,,
marin.account_113_01_001_company_tjgl,marin.company_tjgl,,,VAT in favor,113.01.001,Current Assets,,No,,,,
marin.account_113_02_001_company_tjgl,marin.company_tjgl,,,Income tax in favor,113.02.001,Current Assets,,No,,,,
marin.account_113_06_001_company_tjgl,marin.company_tjgl,,,Employment subsidy actually delivered,113.06.001,Current Assets,,No,,,,
marin.account_113_08_001_company_tjgl,marin.company_tjgl,,,Other taxes in favor,113.08.001,Current Assets,,No,,,,
marin.account_114_01_001_company_tjgl,marin.company_tjgl,,,Provisional income tax payments,114.01.001,Current Assets,,No,,,,
marin.account_115_01_001_company_tjgl,marin.company_tjgl,,,Inventory FF,115.01.001,Current Assets,,No,,,,
marin.account_115_01_002_company_tjgl,marin.company_tjgl,,,Inventory NF,115.01.002,Current Assets,,No,,,,
marin.account_118_01_001_company_tjgl,marin.company_tjgl,,,Paid VAT creditable,118.01.001,Current Assets,,No,,,,
marin.account_118_03_001_company_tjgl,marin.company_tjgl,,,Paid IEPS creditable,118.03.001,Current Assets,,No,,,,
marin.account_119_01_001_company_tjgl,marin.company_tjgl,,,Unpaid VAT creditable,119.01.001,Current Assets,True,No,,,,
marin.account_119_01_002_company_tjgl,marin.company_tjgl,,,Non-deductible unpaid VAT,119.01.002,Current Liabilities,True,No,,,,
marin.account_119_03_001_company_tjgl,marin.company_tjgl,,,Unpaid IEPS creditable,119.03.001,Current Assets,True,No,,,,
marin.account_120_01_001_company_tjgl,marin.company_tjgl,,,Domestic suppliers advance FF,120.01.001,Prepayments,True,No,,,,
marin.account_120_01_002_company_tjgl,marin.company_tjgl,,,Domestic suppliers advance NF,120.01.002,Prepayments,True,No,,,,
marin.account_151_01_001_company_tjgl,marin.company_tjgl,,,Lands FF,151.01.001,Fixed Assets,,Create in draft,,,,
marin.account_151_01_002_company_tjgl,marin.company_tjgl,,,Lands NF,151.01.002,Fixed Assets,,Create in draft,,,,
marin.account_153_01_001_company_tjgl,marin.company_tjgl,,,Machinery and equipment FF,153.01.001,Fixed Assets,,Create in draft,,,,
marin.account_153_01_002_company_tjgl,marin.company_tjgl,,,Machinery and equipment NF,153.01.002,Fixed Assets,,Create in draft,,,,
marin.account_154_01_001_company_tjgl,marin.company_tjgl,,,"Automobiles, trucks, forklifts and trailers FF",154.01.001,Fixed Assets,,Create in draft,,,,
marin.account_154_01_002_company_tjgl,marin.company_tjgl,,,"Automobiles, trucks, forklifts and trailers NF",154.01.002,Fixed Assets,,Create in draft,,,,
marin.account_155_01_001_company_tjgl,marin.company_tjgl,,,Furniture and office equipment FF,155.01.001,Fixed Assets,,Create in draft,,,,
marin.account_155_01_002_company_tjgl,marin.company_tjgl,,,Furniture and office equipment NF,155.01.002,Fixed Assets,,Create in draft,,,,
marin.account_156_01_001_company_tjgl,marin.company_tjgl,,,Computing equipment FF,156.01.001,Fixed Assets,,Create in draft,,,,
marin.account_160_01_001_company_tjgl,marin.company_tjgl,,,Other fixed assets FF,160.01.001,Fixed Assets,,Create in draft,,,,
marin.account_165_01_001_company_tjgl,marin.company_tjgl,,,Communications equipment FF,165.01.001,Fixed Assets,,Create in draft,,,,
marin.account_165_01_002_company_tjgl,marin.company_tjgl,,,Communications equipment NF,165.01.002,Fixed Assets,,Create in draft,,,,
marin.account_179_01_001_company_tjgl,marin.company_tjgl,,,Brands and patents FF,179.01.001,Fixed Assets,,Create in draft,,,,
marin.account_201_01_001_company_tjgl,marin.company_tjgl,,,Domestic suppliers FF,201.01.001,Payable,True,No,,,,
marin.account_201_01_002_company_tjgl,marin.company_tjgl,,,Domestic suppliers NF,201.01.002,Payable,True,No,,,,
marin.account_201_02_001_company_tjgl,marin.company_tjgl,,,Foreign suppliers FF,201.02.001,Payable,True,No,,,,
marin.account_202_03_001_company_tjgl,marin.company_tjgl,,,Payments done by thirth party in name of the company FF,202.03.001,Current Liabilities,True,No,,,,
marin.account_202_03_002_company_tjgl,marin.company_tjgl,,,Bank BBVA CC 4406,202.03.002,Credit Card,,No,,,,
marin.account_202_03_003_company_tjgl,marin.company_tjgl,,,Bank BBVA revolving business credit,202.03.003,Credit Card,,No,,,,
marin.account_202_03_004_company_tjgl,marin.company_tjgl,,,Bank BBVA TN 5064,202.03.004,Credit Card,,No,,,,
marin.account_202_03_005_company_tjgl,marin.company_tjgl,,,Bank BBVA 1007025823,202.03.005,Credit Card,,No,,,,
marin.account_202_03_006_company_tjgl,marin.company_tjgl,,,Bank American Express Gold,202.03.006,Credit Card,,No,,,,
marin.account_202_03_007_company_tjgl,marin.company_tjgl,,,Bank American Express Platinum,202.03.007,Credit Card,,No,,,,
marin.account_202_03_099_company_tjgl,marin.company_tjgl,,,Returned bank transactions,202.03.099,Current Liabilities,True,No,,,,
marin.account_206_01_001_company_tjgl,marin.company_tjgl,,,Customer advance FF,206.01.001,Current Liabilities,True,No,,,,
marin.account_208_01_001_company_tjgl,marin.company_tjgl,,,Collected transfered VAT,208.01.001,Current Liabilities,,No,,,,
marin.account_208_02_001_company_tjgl,marin.company_tjgl,,,Collected transfered IEPS,208.02.001,Current Liabilities,,No,,,,
marin.account_209_01_001_company_tjgl,marin.company_tjgl,,,Uncollected transfered VAT,209.01.001,Current Liabilities,True,No,,,,
marin.account_209_02_001_company_tjgl,marin.company_tjgl,,,Uncollected transfered IEPS,209.02.001,Current Liabilities,True,No,,,,
marin.account_210_01_001_company_tjgl,marin.company_tjgl,,,Provision for wages and salaries payable,210.01.001,Current Liabilities,True,No,,,,
marin.account_213_01_001_company_tjgl,marin.company_tjgl,,,VAT payable,213.01.001,Current Liabilities,,No,,,,
marin.account_213_03_001_company_tjgl,marin.company_tjgl,,,Income tax payable,213.03.001,Current Liabilities,,No,,,,
marin.account_213_05_001_company_tjgl,marin.company_tjgl,,,State and municipal taxes payable,213.05.001,Current Liabilities,,No,,,,
marin.account_216_01_001_company_tjgl,marin.company_tjgl,,,Income tax withholdings from wages and salaries,216.01.001,Current Liabilities,True,No,,,,
marin.account_216_03_001_company_tjgl,marin.company_tjgl,,,Income tax withholdings from leasing,216.03.001,Current Liabilities,,No,,,,
marin.account_216_03_002_company_tjgl,marin.company_tjgl,,,Uncollected income tax withholdings from leasing,216.03.002,Current Liabilities,True,No,,,,
marin.account_216_10_002_company_tjgl,marin.company_tjgl,,,VAT withholdings from leasing,216.10.002,Current Liabilities,,No,,,,
marin.account_216_10_010_company_tjgl,marin.company_tjgl,,,VAT withholdings,216.10.010,Current Liabilities,,No,,,,
marin.account_216_10_020_company_tjgl,marin.company_tjgl,,,VAT withholdings actually paid,216.10.020,Current Liabilities,,No,,,,
marin.account_216_11_001_company_tjgl,marin.company_tjgl,,,IMSS withholdings from employees FF,216.11.001,Current Liabilities,,No,,,,
marin.account_252_07_001_company_tjgl,marin.company_tjgl,,,Long-term national mortgages payable,252.07.001,Non-current Liabilities,True,No,,,,
marin.account_302_01_001_company_tjgl,marin.company_tjgl,,,Equity FF,302.01.001,Equity,,No,,,,
marin.account_302_01_002_company_tjgl,marin.company_tjgl,,,Equity NF,302.01.002,Equity,,No,,,,
marin.account_304_01_001_company_tjgl,marin.company_tjgl,,,Profit from prior periods FF,304.01.001,Equity,,No,,,,
marin.account_304_01_002_company_tjgl,marin.company_tjgl,,,Profit from prior periods NF,304.01.002,Equity,,No,,,,
marin.account_304_02_001_company_tjgl,marin.company_tjgl,,,Loss from prior periods FF,304.02.001,Equity,,No,,,,
marin.account_304_02_002_company_tjgl,marin.company_tjgl,,,Loss from prior periods NF,304.02.002,Equity,,No,,,,
marin.account_305_01_001_company_tjgl,marin.company_tjgl,,,Net income FF,305.01.001,Equity,,No,,,,
marin.account_305_01_002_company_tjgl,marin.company_tjgl,,,Net income NF,305.01.002,Equity,,No,,,,
marin.account_305_02_001_company_tjgl,marin.company_tjgl,,,Net loss FF,305.02.001,Equity,,No,,,,
marin.account_305_02_002_company_tjgl,marin.company_tjgl,,,Net loss NF,305.02.002,Equity,,No,,,,
marin.account_401_01_001_company_tjgl,marin.company_tjgl,,,Sales 16% FF,401.01.001,Income,,No,,,,
marin.account_401_04_001_company_tjgl,marin.company_tjgl,,,Sales 0% FF,401.04.001,Income,,No,,,,
marin.account_401_04_0018_company_tjgl,marin.company_tjgl,,,Sales NF discounts for payment in FX multi company,401.04.0018,Cost of Revenue,,No,,,,
marin.account_401_04_002_company_tjgl,marin.company_tjgl,,,Sales 0% NF,401.04.002,Income,,No,,,,
marin.account_401_04_003_company_tjgl,marin.company_tjgl,,,Sales 0% FX - Discounts on sales NF due payment in FX,401.04.003,Income,,No,,,,
marin.account_401_04_004_company_tjgl,marin.company_tjgl,,,Sales 0% FX - Discounts on sales NF LMMG,401.04.004,Income,,No,True,,,
marin.account_401_04_005_company_tjgl,marin.company_tjgl,,,Sales 0% FX - Self cash trade --> self bank,401.04.005,Income,,No,,,,
marin.account_401_04_006_company_tjgl,marin.company_tjgl,,,Sales 0% FX - Multi company cash trade --> self bank,401.04.006,Income,,No,,,,
marin.account_401_04_007_company_tjgl,marin.company_tjgl,,,Sales 0% FX - self bank trade --> self cash to thirth parties,401.04.007,Income,,No,,,,
marin.account_401_04_008_company_tjgl,marin.company_tjgl,,,Sales 0% FX - self bank trade --> multi company cash to thirth parties,401.04.008,Income,,No,,,,
marin.account_401_04_009_company_tjgl,marin.company_tjgl,,,Sales 0% FX - Bank trade LMMG --> Bank LMMR,401.04.009,Income,,No,,,,
marin.account_401_04_012_company_tjgl,marin.company_tjgl,,,Sales 0% FX - Bank trade GLMM --> Bank LMMR,401.04.012,Income,,No,,,,
marin.account_401_04_013_company_tjgl,marin.company_tjgl,,,Sales 0% FX - without invoice without discount over sales NF,401.04.013,Income,,No,,,,
marin.account_401_04_014_company_tjgl,marin.company_tjgl,,,Sales 0% FX - without invoice with discount over sales NF,401.04.014,Income,,No,,,,
marin.account_401_04_015_company_tjgl,marin.company_tjgl,,,Sales 0% FX - with invoice without discount over sales NF,401.04.015,Income,,No,,,,
marin.account_401_04_016_company_tjgl,marin.company_tjgl,,,Sales 0% NFX,401.04.016,Income,,No,,,,
marin.account_401_04_017_company_tjgl,marin.company_tjgl,,,Sales NF discounts for payment in kind,401.04.017,Cost of Revenue,,No,,,,
marin.account_401_22_001_company_tjgl,marin.company_tjgl,,,Rental income FF,401.22.001,Income,,No,,,,
marin.account_401_22_002_company_tjgl,marin.company_tjgl,,,Rental income NF,401.22.002,Income,,No,,,,
marin.account_501_01_001_company_tjgl,marin.company_tjgl,,,Cost of sales FF,501.01.001,Cost of Revenue,,No,,,,
marin.account_501_01_002_company_tjgl,marin.company_tjgl,,,Cost of sales NF,501.01.002,Cost of Revenue,,No,,,,
marin.account_501_01_003_company_tjgl,marin.company_tjgl,,,Cost of sales FX,501.01.003,Cost of Revenue,,No,,,,
marin.account_503_01_005_company_tjgl,marin.company_tjgl,,,Purchase discounts for payment in kind NF,503.01.005,Other Income,,No,,,,
marin.account_503_01_007_company_tjgl,marin.company_tjgl,,,Purchase discounts due payment in LMMG,503.01.007,Other Income,,No,,,,
marin.account_504_08_001_company_tjgl,marin.company_tjgl,,,Machinery and equipment depreciation FF,504.08.001,Depreciation,,No,,,,
marin.account_504_08_002_company_tjgl,marin.company_tjgl,,,Machinery and equipment depreciation NF,504.08.002,Depreciation,,No,,,,
marin.account_504_09_001_company_tjgl,marin.company_tjgl,,,"Automobiles, buses and trucks depreciation FF",504.09.001,Depreciation,,No,,,,
marin.account_504_09_002_company_tjgl,marin.company_tjgl,,,"Automobiles, buses and trucks depreciation NF",504.09.002,Depreciation,,No,,,,
marin.account_504_10_001_company_tjgl,marin.company_tjgl,,,Furniture and office equipment depreciation FF,504.10.001,Depreciation,,No,,,,
marin.account_504_10_002_company_tjgl,marin.company_tjgl,,,Furniture and office equipment depreciation NF,504.10.002,Depreciation,,No,,,,
marin.account_504_11_001_company_tjgl,marin.company_tjgl,,,Computing equipment depreciation FF,504.11.001,Depreciation,,No,,,,
marin.account_504_12_001_company_tjgl,marin.company_tjgl,,,Communications equipment depreciation FF,504.12.001,Depreciation,,No,,,,
marin.account_504_14_001_company_tjgl,marin.company_tjgl,,,Land depreciation FF,504.14.001,Depreciation,,No,,,,
marin.account_504_14_002_company_tjgl,marin.company_tjgl,,,Land depreciation NF,504.14.002,Depreciation,,No,,,,
marin.account_601_01_001_company_tjgl,marin.company_tjgl,,,Wages and salaries FF,601.01.001,Expenses,,No,,,,
marin.account_601_01_002_company_tjgl,marin.company_tjgl,,,Wages and salaries NF,601.01.002,Expenses,,No,,,,
marin.account_601_06_001_company_tjgl,marin.company_tjgl,,,Vacations FF,601.06.001,Expenses,,No,,,,
marin.account_601_06_002_company_tjgl,marin.company_tjgl,,,Vacations NF,601.06.002,Expenses,,No,,,,
marin.account_601_07_001_company_tjgl,marin.company_tjgl,,,Vacation bonus FF,601.07.001,Expenses,,No,,,,
marin.account_601_07_002_company_tjgl,marin.company_tjgl,,,Vacation bonus NF,601.07.002,Expenses,,No,,,,
marin.account_601_12_001_company_tjgl,marin.company_tjgl,,,Christmas bonus FF,601.12.001,Expenses,,No,,,,
marin.account_601_12_002_company_tjgl,marin.company_tjgl,,,Christmas bonus NF,601.12.002,Expenses,,No,,,,
marin.account_601_15_001_company_tjgl,marin.company_tjgl,,,Personal and family pantry allowance FF,601.15.001,Expenses,,No,,,,
marin.account_601_15_002_company_tjgl,marin.company_tjgl,,,Personal and family pantry allowance NF,601.15.002,Expenses,,No,,,,
marin.account_601_16_001_company_tjgl,marin.company_tjgl,,,Transportation FF,601.16.001,Expenses,,No,,,,
marin.account_601_16_002_company_tjgl,marin.company_tjgl,,,Transportation NF,601.16.002,Expenses,,No,,,,
marin.account_601_17_001_company_tjgl,marin.company_tjgl,,,Medical services FF,601.17.001,Expenses,,No,,,,
marin.account_601_17_002_company_tjgl,marin.company_tjgl,,,Medical services NF,601.17.002,Expenses,,No,,,,
marin.account_601_26_001_company_tjgl,marin.company_tjgl,,,Employer's social security contributions FF,601.26.001,Expenses,,No,,,,
marin.account_601_34_001_company_tjgl,marin.company_tjgl,,,Fees to individuals FF,601.34.001,Expenses,,No,,,,
marin.account_601_34_002_company_tjgl,marin.company_tjgl,,,Fees to individuals NF,601.34.002,Expenses,,No,,,,
marin.account_601_38_001_company_tjgl,marin.company_tjgl,,,Fees to legal entities FF,601.38.001,Expenses,,No,,,,
marin.account_601_38_002_company_tjgl,marin.company_tjgl,,,Fees to legal entities NF,601.38.002,Expenses,,No,,,,
marin.account_601_48_001_company_tjgl,marin.company_tjgl,,,Fuel and lubricants FF,601.48.001,Expenses,,No,,,,
marin.account_601_48_002_company_tjgl,marin.company_tjgl,,,Fuel and lubricants NF,601.48.002,Expenses,,No,,,,
marin.account_601_49_001_company_tjgl,marin.company_tjgl,,,Per diems and travel expenses FF,601.49.001,Expenses,,No,,,,
marin.account_601_49_002_company_tjgl,marin.company_tjgl,,,Per diems and travel expenses NF,601.49.002,Expenses,,No,,,,
marin.account_601_50_001_company_tjgl,marin.company_tjgl,,,"Telephone, internet FF",601.50.001,Expenses,,No,,,,
marin.account_601_50_002_company_tjgl,marin.company_tjgl,,,"Telephone, internet NF",601.50.002,Expenses,,No,,,,
marin.account_601_51_001_company_tjgl,marin.company_tjgl,,,Water FF,601.51.001,Expenses,,No,,,,
marin.account_601_51_002_company_tjgl,marin.company_tjgl,,,Water NF,601.51.002,Expenses,,No,,,,
marin.account_601_52_001_company_tjgl,marin.company_tjgl,,,Electric power FF,601.52.001,Expenses,,No,,,,
marin.account_601_52_002_company_tjgl,marin.company_tjgl,,,Electric power NF,601.52.002,Expenses,,No,,,,
marin.account_601_54_001_company_tjgl,marin.company_tjgl,,,Cleaning articles and expenses FF,601.54.001,Expenses,,No,,,,
marin.account_601_54_002_company_tjgl,marin.company_tjgl,,,Cleaning articles and expenses NF,601.54.002,Expenses,,No,,,,
marin.account_601_56_001_company_tjgl,marin.company_tjgl,,,Maintenance and conservation FF,601.56.001,Expenses,,No,,,,
marin.account_601_56_002_company_tjgl,marin.company_tjgl,,,Maintenance and conservation NF,601.56.002,Expenses,,No,,,,
marin.account_601_57_001_company_tjgl,marin.company_tjgl,,,Insurance and bonds FF,601.57.001,Expenses,,No,,,,
marin.account_601_58_001_company_tjgl,marin.company_tjgl,,,Other taxes and duties FF,601.58.001,Expenses,,No,,,,
marin.account_601_58_002_company_tjgl,marin.company_tjgl,,,Other taxes and duties NF,601.58.002,Expenses,,No,,,,
marin.account_601_63_001_company_tjgl,marin.company_tjgl,,,Donations and aids FF,601.63.001,Expenses,,No,,,,
marin.account_601_63_002_company_tjgl,marin.company_tjgl,,,Donations and aids NF,601.63.002,Expenses,,No,,,,
marin.account_601_78_001_company_tjgl,marin.company_tjgl,,,Property taxes FF,601.78.001,Expenses,,No,,,,
marin.account_601_78_002_company_tjgl,marin.company_tjgl,,,Property taxes NF,601.78.002,Expenses,,No,,,,
marin.account_601_80_001_company_tjgl,marin.company_tjgl,,,Construction expenses FF,601.80.001,Expenses,,No,,,,
marin.account_601_80_002_company_tjgl,marin.company_tjgl,,,Construction expenses NF,601.80.002,Expenses,,No,,,,
marin.account_601_83_001_company_tjgl,marin.company_tjgl,,,Non-deductible expenses - personal,601.83.001,Expenses,,No,,,,
marin.account_601_83_008_company_tjgl,marin.company_tjgl,,,Non-deductible expenses - Actualizaciones,601.83.008,Expenses,,No,,,,
marin.account_601_84_001_company_tjgl,marin.company_tjgl,,,Other general expenses FF,601.84.001,Expenses,,No,,,,
marin.account_601_84_002_company_tjgl,marin.company_tjgl,,,Other general expenses NF,601.84.002,Expenses,,No,,,,
marin.account_602_01_001_company_tjgl,marin.company_tjgl,,,Wages and salaries FF,602.01.001,Expenses,,No,,,,
marin.account_602_01_002_company_tjgl,marin.company_tjgl,,,Wages and salaries NF,602.01.002,Expenses,,No,,,,
marin.account_602_02_001_company_tjgl,marin.company_tjgl,,,Compensations - Payments made in excess to the worker FF,602.02.001,Expenses,,No,,,,
marin.account_602_02_002_company_tjgl,marin.company_tjgl,,,Compensations - Payments made in excess to the worker NF,602.02.002,Expenses,,No,,,,
marin.account_602_06_001_company_tjgl,marin.company_tjgl,,,Vacations FF,602.06.001,Expenses,,No,,,,
marin.account_602_06_002_company_tjgl,marin.company_tjgl,,,Vacations NF,602.06.002,Expenses,,No,,,,
marin.account_602_07_001_company_tjgl,marin.company_tjgl,,,Vacation bonus FF,602.07.001,Expenses,,No,,,,
marin.account_602_07_002_company_tjgl,marin.company_tjgl,,,Vacation bonus NF,602.07.002,Expenses,,No,,,,
marin.account_602_10_002_company_tjgl,marin.company_tjgl,,,Gratifications NF,602.10.002,Expenses,,No,,,,
marin.account_602_12_001_company_tjgl,marin.company_tjgl,,,Christmas bonus FF,602.12.001,Expenses,,No,,,,
marin.account_602_12_002_company_tjgl,marin.company_tjgl,,,Christmas bonus NF,602.12.002,Expenses,,No,,,,
marin.account_602_15_001_company_tjgl,marin.company_tjgl,,,Employee pantry FF,602.15.001,Expenses,,No,,,,
marin.account_602_15_002_company_tjgl,marin.company_tjgl,,,Employee pantry NF,602.15.002,Expenses,,No,,,,
marin.account_602_16_001_company_tjgl,marin.company_tjgl,,,Transportation FF,602.16.001,Expenses,,No,,,,
marin.account_602_16_002_company_tjgl,marin.company_tjgl,,,Transportation NF,602.16.002,Expenses,,No,,,,
marin.account_602_17_002_company_tjgl,marin.company_tjgl,,,Medical services NF,602.17.002,Expenses,,No,,,,
marin.account_602_19_002_company_tjgl,marin.company_tjgl,,,Savings fund NF,602.19.002,Expenses,,No,,,,
marin.account_602_25_001_company_tjgl,marin.company_tjgl,,,Other employee benefits FF,602.25.001,Expenses,,No,,,,
marin.account_602_25_002_company_tjgl,marin.company_tjgl,,,Other employee benefits NF,602.25.002,Expenses,,No,,,,
marin.account_602_26_001_company_tjgl,marin.company_tjgl,,,Employer's social security contributions FF,602.26.001,Expenses,,No,,,,
marin.account_602_26_002_company_tjgl,marin.company_tjgl,,,Employer's social security contributions NF,602.26.002,Expenses,,No,,,,
marin.account_602_27_001_company_tjgl,marin.company_tjgl,,,Contributions to INFONAVIT FF,602.27.001,Expenses,,No,,,,
marin.account_602_30_001_company_tjgl,marin.company_tjgl,,,Other contributions FF,602.30.001,Expenses,,No,,,,
marin.account_602_34_001_company_tjgl,marin.company_tjgl,,,Fees to individuals FF,602.34.001,Expenses,,No,,,,
marin.account_602_34_002_company_tjgl,marin.company_tjgl,,,Fees to individuals NF,602.34.002,Expenses,,No,,,,
marin.account_602_38_001_company_tjgl,marin.company_tjgl,,,Fees to legal entities FF,602.38.001,Expenses,,No,,,,
marin.account_602_38_002_company_tjgl,marin.company_tjgl,,,Fees to legal entities NF,602.38.002,Expenses,,No,,,,
marin.account_602_45_001_company_tjgl,marin.company_tjgl,,,Lease to individuals FF,602.45.001,Expenses,,No,,,,
marin.account_602_45_002_company_tjgl,marin.company_tjgl,,,Lease to individuals NF,602.45.002,Expenses,,No,,,,
marin.account_602_46_001_company_tjgl,marin.company_tjgl,,,Lease to legal entities FF,602.46.001,Expenses,,No,,,,
marin.account_602_46_002_company_tjgl,marin.company_tjgl,,,Lease to legal entities NF,602.46.002,Expenses,,No,,,,
marin.account_602_48_001_company_tjgl,marin.company_tjgl,,,Fuel and lubricants FF,602.48.001,Expenses,,No,,,,
marin.account_602_48_002_company_tjgl,marin.company_tjgl,,,Fuel and lubricants NF,602.48.002,Expenses,,No,,,,
marin.account_602_49_001_company_tjgl,marin.company_tjgl,,,Per diems and travel expenses FF,602.49.001,Expenses,,No,,,,
marin.account_602_49_002_company_tjgl,marin.company_tjgl,,,Per diems and travel expenses NF,602.49.002,Expenses,,No,,,,
marin.account_602_50_001_company_tjgl,marin.company_tjgl,,,"Telephone, internet FF",602.50.001,Expenses,,No,,,,
marin.account_602_50_002_company_tjgl,marin.company_tjgl,,,"Telephone, internet NF",602.50.002,Expenses,,No,,,,
marin.account_602_51_001_company_tjgl,marin.company_tjgl,,,Water FF,602.51.001,Expenses,,No,,,,
marin.account_602_51_002_company_tjgl,marin.company_tjgl,,,Water NF,602.51.002,Expenses,,No,,,,
marin.account_602_52_001_company_tjgl,marin.company_tjgl,,,Electric power FF,602.52.001,Expenses,,No,,,,
marin.account_602_52_002_company_tjgl,marin.company_tjgl,,,Electric power NF,602.52.002,Expenses,,No,,,,
marin.account_602_53_002_company_tjgl,marin.company_tjgl,,,Surveylance and security NF,602.53.002,Expenses,,No,,,,
marin.account_602_54_001_company_tjgl,marin.company_tjgl,,,Cleaning articles and expenses FF,602.54.001,Expenses,,No,,,,
marin.account_602_54_002_company_tjgl,marin.company_tjgl,,,Cleaning articles and expenses NF,602.54.002,Expenses,,No,,,,
marin.account_602_56_001_company_tjgl,marin.company_tjgl,,,Maintenance and conservation FF,602.56.001,Expenses,,No,,,,
marin.account_602_56_002_company_tjgl,marin.company_tjgl,,,Maintenance and conservation NF,602.56.002,Expenses,,No,,,,
marin.account_602_57_001_company_tjgl,marin.company_tjgl,,,Insurance and bonds FF,602.57.001,Expenses,,No,,,,
marin.account_602_58_002_company_tjgl,marin.company_tjgl,,,Other taxes and duties NF,602.58.002,Expenses,,No,,,,
marin.account_602_61_001_company_tjgl,marin.company_tjgl,,,"Promotion, advertising and publicity FF",602.61.001,Expenses,,No,,,,
marin.account_602_61_002_company_tjgl,marin.company_tjgl,,,"Promotion, advertising and publicity NF",602.61.002,Expenses,,No,,,,
marin.account_602_62_001_company_tjgl,marin.company_tjgl,,,Employee training FF,602.62.001,Expenses,,No,,,,
marin.account_602_62_002_company_tjgl,marin.company_tjgl,,,Employee training NF,602.62.002,Expenses,,No,,,,
marin.account_602_72_001_company_tjgl,marin.company_tjgl,,,Freight and haulage FF,602.72.001,Expenses,,No,,,,
marin.account_602_72_002_company_tjgl,marin.company_tjgl,,,Freight and haulage NF,602.72.002,Expenses,,No,,,,
marin.account_602_74_001_company_tjgl,marin.company_tjgl,,,Sales commissions FF,602.74.001,Expenses,,No,,,,
marin.account_602_74_002_company_tjgl,marin.company_tjgl,,,Sales commissions NF,602.74.002,Expenses,,No,,,,
marin.account_602_77_001_company_tjgl,marin.company_tjgl,,,Uniforms FF,602.77.001,Expenses,,No,,,,
marin.account_602_77_002_company_tjgl,marin.company_tjgl,,,Uniforms NF,602.77.002,Expenses,,No,,,,
marin.account_602_78_001_company_tjgl,marin.company_tjgl,,,Property taxes FF,602.78.001,Expenses,,No,,,,
marin.account_602_78_002_company_tjgl,marin.company_tjgl,,,Property taxes NF,602.78.002,Expenses,,No,,,,
marin.account_602_80_001_company_tjgl,marin.company_tjgl,,,Construction expenses FF,602.80.001,Expenses,,No,,,,
marin.account_602_80_002_company_tjgl,marin.company_tjgl,,,Construction expenses NF,602.80.002,Expenses,,No,,,,
marin.account_602_83_001_company_tjgl,marin.company_tjgl,,,Non-deductible expenses - without fiscal requirements,602.83.001,Expenses,,No,,,,
marin.account_602_83_002_company_tjgl,marin.company_tjgl,,,Non-deductible expenses - Fuel and lubricants,602.83.002,Expenses,,No,,,,
marin.account_602_83_004_company_tjgl,marin.company_tjgl,,,Non-deductible expenses - Per diem and travel expenses,602.83.004,Expenses,,No,,,,
marin.account_602_83_005_company_tjgl,marin.company_tjgl,,,Non-deductible expenses - Maintenance and conservation,602.83.005,Expenses,,No,,,,
marin.account_602_83_007_company_tjgl,marin.company_tjgl,,,Non-deductible expenses - non-deductible VAT,602.83.007,Expenses,,No,,,,
marin.account_602_83_008_company_tjgl,marin.company_tjgl,,,Non-deductible expenses - Freight and haulage,602.83.008,Expenses,,No,,,,
marin.account_602_84_001_company_tjgl,marin.company_tjgl,,,Other sales expenses FF,602.84.001,Expenses,,No,,,,
marin.account_602_84_002_company_tjgl,marin.company_tjgl,,,Other sales expenses NF,602.84.002,Expenses,,No,,,,
marin.account_602_84_003_company_tjgl,marin.company_tjgl,,,Uncollectible debts LMMR FF,602.84.003,Expenses,,No,,,,
marin.account_602_84_004_company_tjgl,marin.company_tjgl,,,Uncollectible debts LMMR NF,602.84.004,Expenses,,No,,,,
marin.account_602_84_005_company_tjgl,marin.company_tjgl,,,Uncollectible debts LMMG FF,602.84.005,Expenses,,No,,,,
marin.account_602_84_006_company_tjgl,marin.company_tjgl,,,Uncollectible debts LMMG NF,602.84.006,Expenses,,No,,,,
marin.account_602_84_007_company_tjgl,marin.company_tjgl,,,Uncollectible debts GLMM FF,602.84.007,Expenses,,No,,,,
marin.account_602_84_008_company_tjgl,marin.company_tjgl,,,Uncollectible debts GLMM NF,602.84.008,Expenses,,No,,,,
marin.account_603_01_001_company_tjgl,marin.company_tjgl,,,Wages and salaries FF,603.01.001,Expenses,,No,,,,
marin.account_603_01_002_company_tjgl,marin.company_tjgl,,,Wages and salaries NF,603.01.002,Expenses,,No,,,,
marin.account_603_06_001_company_tjgl,marin.company_tjgl,,,Vacations FF,603.06.001,Expenses,,No,,,,
marin.account_603_06_002_company_tjgl,marin.company_tjgl,,,Vacations NF,603.06.002,Expenses,,No,,,,
marin.account_603_07_001_company_tjgl,marin.company_tjgl,,,Vacation bonus FF,603.07.001,Expenses,,No,,,,
marin.account_603_07_002_company_tjgl,marin.company_tjgl,,,Vacation bonus NF,603.07.002,Expenses,,No,,,,
marin.account_603_10_002_company_tjgl,marin.company_tjgl,,,Gratifications NF,603.10.002,Expenses,,No,,,,
marin.account_603_100_002_company_tjgl,marin.company_tjgl,,,Cash trade LMMR --> Bank LMMG,603.100.002,Expenses,,No,,,,
marin.account_603_100_003_company_tjgl,marin.company_tjgl,,,Cash trade LMMR --> Bank GLMM,603.100.003,Expenses,,No,,,,
marin.account_603_101_002_company_tjgl,marin.company_tjgl,,,Bank trade LMMR --> Bank LMMG,603.101.002,Expenses,,No,,,,
marin.account_603_101_003_company_tjgl,marin.company_tjgl,,,Bank trade LMMR --> Bank GLMM,603.101.003,Expenses,,No,,,,
marin.account_603_102_002_company_tjgl,marin.company_tjgl,,,Bank trade LMMG --> self cash to thirth parties,603.102.002,Expenses,,No,,,,
marin.account_603_102_003_company_tjgl,marin.company_tjgl,,,Bank trade GLMM --> self cash to thirth parties,603.102.003,Expenses,,No,,,,
marin.account_603_12_001_company_tjgl,marin.company_tjgl,,,Christmas bonus FF,603.12.001,Expenses,,No,,,,
marin.account_603_12_002_company_tjgl,marin.company_tjgl,,,Christmas bonus NF,603.12.002,Expenses,,No,,,,
marin.account_603_15_001_company_tjgl,marin.company_tjgl,,,Employee pantry FF,603.15.001,Expenses,,No,,,,
marin.account_603_15_002_company_tjgl,marin.company_tjgl,,,Employee pantry NF,603.15.002,Expenses,,No,,,,
marin.account_603_16_001_company_tjgl,marin.company_tjgl,,,Transportation FF,603.16.001,Expenses,,No,,,,
marin.account_603_16_002_company_tjgl,marin.company_tjgl,,,Transportation NF,603.16.002,Expenses,,No,,,,
marin.account_603_17_002_company_tjgl,marin.company_tjgl,,,Medical services NF,603.17.002,Expenses,,No,,,,
marin.account_603_19_002_company_tjgl,marin.company_tjgl,,,Savings fund NF,603.19.002,Expenses,,No,,,,
marin.account_603_25_001_company_tjgl,marin.company_tjgl,,,Other employee benefits FF,603.25.001,Expenses,,No,,,,
marin.account_603_25_002_company_tjgl,marin.company_tjgl,,,Other employee benefits NF,603.25.002,Expenses,,No,,,,
marin.account_603_26_001_company_tjgl,marin.company_tjgl,,,Employer's social security contributions FF,603.26.001,Expenses,,No,,,,
marin.account_603_26_002_company_tjgl,marin.company_tjgl,,,Employer's social security contributions NF,603.26.002,Expenses,,No,,,,
marin.account_603_27_001_company_tjgl,marin.company_tjgl,,,Contributions to INFONAVIT FF,603.27.001,Expenses,,No,,,,
marin.account_603_30_001_company_tjgl,marin.company_tjgl,,,Other contributions FF,603.30.001,Expenses,,No,,,,
marin.account_603_32_001_company_tjgl,marin.company_tjgl,,,Administrative services FF,603.32.001,Expenses,,No,,,,
marin.account_603_32_002_company_tjgl,marin.company_tjgl,,,Administrative services NF,603.32.002,Expenses,,No,,,,
marin.account_603_34_001_company_tjgl,marin.company_tjgl,,,Fees to individuals FF,603.34.001,Expenses,,No,,,,
marin.account_603_34_002_company_tjgl,marin.company_tjgl,,,Fees to individuals NF,603.34.002,Expenses,,No,,,,
marin.account_603_38_001_company_tjgl,marin.company_tjgl,,,Fees to legal entities FF,603.38.001,Expenses,,No,,,,
marin.account_603_38_002_company_tjgl,marin.company_tjgl,,,Fees to legal entities NF,603.38.002,Expenses,,No,,,,
marin.account_603_45_001_company_tjgl,marin.company_tjgl,,,Lease to individuals FF,603.45.001,Expenses,,No,,,,
marin.account_603_45_002_company_tjgl,marin.company_tjgl,,,Lease to individuals NF,603.45.002,Expenses,,No,,,,
marin.account_603_48_001_company_tjgl,marin.company_tjgl,,,Fuel and lubricants FF,603.48.001,Expenses,,No,,,,
marin.account_603_48_002_company_tjgl,marin.company_tjgl,,,Fuel and lubricants NF,603.48.002,Expenses,,No,,,,
marin.account_603_49_001_company_tjgl,marin.company_tjgl,,,Per diems and travel expenses FF,603.49.001,Expenses,,No,,,,
marin.account_603_49_002_company_tjgl,marin.company_tjgl,,,Per diems and travel expenses NF,603.49.002,Expenses,,No,,,,
marin.account_603_50_001_company_tjgl,marin.company_tjgl,,,"Telephone, internet FF",603.50.001,Expenses,,No,,,,
marin.account_603_50_002_company_tjgl,marin.company_tjgl,,,"Telephone, internet NF",603.50.002,Expenses,,No,,,,
marin.account_603_51_001_company_tjgl,marin.company_tjgl,,,Water FF,603.51.001,Expenses,,No,,,,
marin.account_603_51_002_company_tjgl,marin.company_tjgl,,,Water NF,603.51.002,Expenses,,No,,,,
marin.account_603_52_001_company_tjgl,marin.company_tjgl,,,Electric power FF,603.52.001,Expenses,,No,,,,
marin.account_603_52_002_company_tjgl,marin.company_tjgl,,,Electric power NF,603.52.002,Expenses,,No,,,,
marin.account_603_53_002_company_tjgl,marin.company_tjgl,,,Surveylance and security NF,603.53.002,Expenses,,No,,,,
marin.account_603_54_001_company_tjgl,marin.company_tjgl,,,Cleaning articles and expenses FF,603.54.001,Expenses,,No,,,,
marin.account_603_54_002_company_tjgl,marin.company_tjgl,,,Cleaning articles and expenses NF,603.54.002,Expenses,,No,,,,
marin.account_603_55_001_company_tjgl,marin.company_tjgl,,,Office supplies and stationery FF,603.55.001,Expenses,,No,,,,
marin.account_603_55_002_company_tjgl,marin.company_tjgl,,,Office supplies and stationery NF,603.55.002,Expenses,,No,,,,
marin.account_603_56_001_company_tjgl,marin.company_tjgl,,,Maintenance and conservation FF,603.56.001,Expenses,,No,,,,
marin.account_603_56_002_company_tjgl,marin.company_tjgl,,,Maintenance and conservation NF,603.56.002,Expenses,,No,,,,
marin.account_603_57_001_company_tjgl,marin.company_tjgl,,,Insurance and bonds FF,603.57.001,Expenses,,No,,,,
marin.account_603_58_001_company_tjgl,marin.company_tjgl,,,Other taxes and duties FF,603.58.001,Expenses,,No,,,,
marin.account_603_58_002_company_tjgl,marin.company_tjgl,,,Other taxes and duties NF,603.58.002,Expenses,,No,,,,
marin.account_603_59_001_company_tjgl,marin.company_tjgl,,,Tax penalties FF,603.59.001,Expenses,,No,,,,
marin.account_603_61_001_company_tjgl,marin.company_tjgl,,,"Promotion, advertising and publicity FF",603.61.001,Expenses,,No,,,,
marin.account_603_61_002_company_tjgl,marin.company_tjgl,,,"Promotion, advertising and publicity NF",603.61.002,Expenses,,No,,,,
marin.account_603_62_001_company_tjgl,marin.company_tjgl,,,Employee training FF,603.62.001,Expenses,,No,,,,
marin.account_603_62_002_company_tjgl,marin.company_tjgl,,,Employee training NF,603.62.002,Expenses,,No,,,,
marin.account_603_75_001_company_tjgl,marin.company_tjgl,,,Uniforms FF,603.75.001,Expenses,,No,,,,
marin.account_603_75_002_company_tjgl,marin.company_tjgl,,,Uniforms NF,603.75.002,Expenses,,No,,,,
marin.account_603_76_001_company_tjgl,marin.company_tjgl,,,Property taxes FF,603.76.001,Expenses,,No,,,,
marin.account_603_76_002_company_tjgl,marin.company_tjgl,,,Property taxes NF,603.76.002,Expenses,,No,,,,
marin.account_603_82_002_company_tjgl,marin.company_tjgl,,,Other administration expenses NF,603.82.002,Expenses,,No,,,,
marin.account_603_83_006_company_tjgl,marin.company_tjgl,,,Non-deductible expenses - Administrative services,603.83.006,Expenses,,No,,,,
marin.account_603_83_008_company_tjgl,marin.company_tjgl,,,Non-deductible expenses - Actualizaciones,603.83.008,Expenses,,No,,,,
marin.account_611_01_001_company_tjgl,marin.company_tjgl,,,Income tax - ISR,611.01.001,Expenses,,No,,,,
marin.account_701_01_001_company_tjgl,marin.company_tjgl,,,Currency exchange loss,701.01.001,Expenses,,No,,,,
marin.account_701_04_001_company_tjgl,marin.company_tjgl,,,Interest expense to domestic bank FF,701.04.001,Expenses,,No,,,,
marin.account_701_08_001_company_tjgl,marin.company_tjgl,,,Interest expense to domestic legal entities FF,701.08.001,Expenses,,No,,,,
marin.account_701_10_001_company_tjgl,marin.company_tjgl,,,Bank commissions FF,701.10.001,Expenses,,No,,,,
marin.account_701_10_002_company_tjgl,marin.company_tjgl,,,Bank commissions NF,701.10.002,Expenses,,No,,,,
marin.account_702_01_001_company_tjgl,marin.company_tjgl,,,Currency exchange gain,702.01.001,Other Income,,No,,,,
marin.account_703_21_001_company_tjgl,marin.company_tjgl,,,Other expenses FF,703.21.001,Expenses,,No,,,,
marin.account_703_21_002_company_tjgl,marin.company_tjgl,,,Loss due to cash discrepancy,703.21.002,Expenses,,No,,,,
marin.account_703_21_003_company_tjgl,marin.company_tjgl,,,Loss from cash discount,703.21.003,Expenses,,No,,,,
marin.account_704_01_001_company_tjgl,marin.company_tjgl,,,Gain on sale and/or disposal of lands FF,704.01.001,Other Income,,No,,,,
marin.account_704_03_001_company_tjgl,marin.company_tjgl,,,Gain on sale and/or disposal of machinery and equipment FF,704.03.001,Other Income,,No,,,,
marin.account_704_04_001_company_tjgl,marin.company_tjgl,,,"Gain on sale and/or disposal of automobiles, buses, trucks, forklifts or trailers FF",704.04.001,Other Income,,No,,,,
marin.account_704_04_002_company_tjgl,marin.company_tjgl,,,"Gain on sale and/or disposal of automobiles, buses, trucks, forklifts or trailers NF",704.04.002,Other Income,,No,,,,
marin.account_704_22_001_company_tjgl,marin.company_tjgl,,,Gain from cash discount,704.22.001,Other Income,,No,,,,
marin.account_704_23_001_company_tjgl,marin.company_tjgl,,,Other products FF,704.23.001,Other Income,,No,,,,
marin.account_704_23_002_company_tjgl,marin.company_tjgl,,,Gain from cash discrepancy,704.23.002,Other Income,,No,,,,
marin.account_704_23_003_company_tjgl,marin.company_tjgl,,,Indemnities FF,704.23.003,Other Income,,No,,,,
marin.account_899_01_099_company_tjgl,marin.company_tjgl,,,Cash flow basis for taxation,899.01.099,Expenses,,No,,,,
marin.account_101_01_001_company_lmmg,marin.company_lmmg,,,Cash main,101.01.001,Bank and Cash,,No,,,,
marin.account_102_01_000_company_lmmg,marin.company_lmmg,,,Bank suspense account,102.01.000,Current Assets,,No,,,,
marin.account_102_01_001_company_lmmg,marin.company_lmmg,,,Bank BBVA 0463866521,102.01.001,Bank and Cash,,No,,,,
marin.account_102_01_010_company_lmmg,marin.company_lmmg,,,Bank BBVA Payroll,102.01.010,Bank and Cash,,No,,,,
marin.account_102_01_111_company_lmmg,marin.company_lmmg,,,Liquidity transfer,102.01.111,Current Assets,True,No,,,,
marin.account_105_01_001_company_lmmg,marin.company_lmmg,,,Domestic customers FF,105.01.001,Receivable,True,No,,,,
marin.account_105_01_002_company_lmmg,marin.company_lmmg,,,Domestic customers NF,105.01.002,Receivable,True,No,,,,
marin.account_113_01_001_company_lmmg,marin.company_lmmg,,,VAT in favor,113.01.001,Current Assets,,No,,,,
marin.account_113_02_001_company_lmmg,marin.company_lmmg,,,Income tax in favor,113.02.001,Current Assets,,No,,,,
marin.account_113_08_001_company_lmmg,marin.company_lmmg,,,Other taxes in favor,113.08.001,Current Assets,,No,,,,
marin.account_114_01_001_company_lmmg,marin.company_lmmg,,,Provisional income tax payments,114.01.001,Current Assets,,No,,,,
marin.account_115_01_001_company_lmmg,marin.company_lmmg,,,Inventory FF,115.01.001,Current Assets,,No,,,,
marin.account_115_01_002_company_lmmg,marin.company_lmmg,,,Inventory NF,115.01.002,Current Assets,,No,,,,
marin.account_118_01_001_company_lmmg,marin.company_lmmg,,,Paid VAT creditable,118.01.001,Current Assets,,No,,,,
marin.account_118_03_001_company_lmmg,marin.company_lmmg,,,Paid IEPS creditable,118.03.001,Current Assets,,No,,,,
marin.account_119_01_001_company_lmmg,marin.company_lmmg,,,Unpaid VAT creditable,119.01.001,Current Assets,True,No,,,,
marin.account_119_01_002_company_lmmg,marin.company_lmmg,,,Non-deductible unpaid VAT,119.01.002,Current Liabilities,True,No,,,,
marin.account_119_03_001_company_lmmg,marin.company_lmmg,,,Unpaid IEPS creditable,119.03.001,Current Assets,True,No,,,,
marin.account_201_01_001_company_lmmg,marin.company_lmmg,,,Domestic suppliers FF,201.01.001,Payable,True,No,,,,
marin.account_201_01_002_company_lmmg,marin.company_lmmg,,,Domestic suppliers NF,201.01.002,Payable,True,No,,,,
marin.account_202_03_099_company_lmmg,marin.company_lmmg,,,Returned bank transactions,202.03.099,Current Liabilities,True,No,,,,
marin.account_208_01_001_company_lmmg,marin.company_lmmg,,,Collected transfered VAT,208.01.001,Current Liabilities,,No,,,,
marin.account_209_01_001_company_lmmg,marin.company_lmmg,,,Uncollected transfered VAT,209.01.001,Current Liabilities,True,No,,,,
marin.account_213_01_001_company_lmmg,marin.company_lmmg,,,VAT payable,213.01.001,Current Liabilities,,No,,,,
marin.account_213_03_001_company_lmmg,marin.company_lmmg,,,Income tax payable,213.03.001,Current Liabilities,,No,,,,
marin.account_213_05_001_company_lmmg,marin.company_lmmg,,,State and municipal taxes payable,213.05.001,Current Liabilities,,No,,,,
marin.account_216_01_001_company_lmmg,marin.company_lmmg,,,Income tax withholdings from wages and salaries,216.01.001,Current Liabilities,True,No,,,,
marin.account_216_03_001_company_lmmg,marin.company_lmmg,,,Income tax withholdings from leasing,216.03.001,Current Liabilities,,No,,,,
marin.account_216_03_002_company_lmmg,marin.company_lmmg,,,Uncollected income tax withholdings from leasing,216.03.002,Current Liabilities,True,No,,,,
marin.account_302_01_001_company_lmmg,marin.company_lmmg,,,Equity FF,302.01.001,Equity,,No,,,,
marin.account_302_01_002_company_lmmg,marin.company_lmmg,,,Equity NF,302.01.002,Equity,,No,,,,
marin.account_304_01_001_company_lmmg,marin.company_lmmg,,,Profit from prior periods FF,304.01.001,Equity,,No,,,,
marin.account_304_01_002_company_lmmg,marin.company_lmmg,,,Profit from prior periods NF,304.01.002,Equity,,No,,,,
marin.account_304_02_001_company_lmmg,marin.company_lmmg,,,Loss from prior periods FF,304.02.001,Equity,,No,,,,
marin.account_304_02_002_company_lmmg,marin.company_lmmg,,,Loss from prior periods NF,304.02.002,Equity,,No,,,,
marin.account_305_01_001_company_lmmg,marin.company_lmmg,,,Net income FF,305.01.001,Equity,,No,,,,
marin.account_305_01_002_company_lmmg,marin.company_lmmg,,,Net income NF,305.01.002,Equity,,No,,,,
marin.account_305_02_001_company_lmmg,marin.company_lmmg,,,Net loss FF,305.02.001,Equity,,No,,,,
marin.account_305_02_002_company_lmmg,marin.company_lmmg,,,Net loss NF,305.02.002,Equity,,No,,,,
marin.account_401_01_001_company_lmmg,marin.company_lmmg,,,Sales 16% FF,401.01.001,Income,,No,,,,
marin.account_401_04_001_company_lmmg,marin.company_lmmg,,,Sales 0% FF,401.04.001,Income,,No,,,,
marin.account_401_04_002_company_lmmg,marin.company_lmmg,,,Sales 0% NF,401.04.002,Income,,No,,,,
marin.account_401_04_006_company_lmmg,marin.company_lmmg,,,Sales 0% FX - Multi company cash trade --> self bank,401.04.006,Income,,No,,,,
marin.account_401_22_001_company_lmmg,marin.company_lmmg,,,Rental income FF,401.22.001,Income,,No,,,,
marin.account_401_22_002_company_lmmg,marin.company_lmmg,,,Rental income NF,401.22.002,Income,,No,,,,
marin.account_501_01_001_company_lmmg,marin.company_lmmg,,,Cost of sales FF,501.01.001,Cost of Revenue,,No,,,,
marin.account_501_01_002_company_lmmg,marin.company_lmmg,,,Cost of sales NF,501.01.002,Cost of Revenue,,No,,,,
marin.account_501_01_003_company_lmmg,marin.company_lmmg,,,Cost of sales FX,501.01.003,Cost of Revenue,,No,,,,
marin.account_601_58_001_company_lmmg,marin.company_lmmg,,,Other taxes and duties FF,601.58.001,Expenses,,No,,,,
marin.account_601_84_002_company_lmmg,marin.company_lmmg,,,Other general expenses NF,601.84.002,Expenses,,No,,,,
marin.account_602_32_001_company_lmmg,marin.company_lmmg,,,Administrative services FF,602.32.001,Expenses,,No,,,,
marin.account_602_49_001_company_lmmg,marin.company_lmmg,,,Per diems and travel expenses FF,602.49.001,Expenses,,No,,,,
marin.account_602_50_001_company_lmmg,marin.company_lmmg,,,"Telephone, internet FF",602.50.001,Expenses,,No,,,,
marin.account_602_52_001_company_lmmg,marin.company_lmmg,,,Electric power FF,602.52.001,Expenses,,No,,,,
marin.account_602_52_002_company_lmmg,marin.company_lmmg,,,Electric power NF,602.52.002,Expenses,,No,,,,
marin.account_602_55_001_company_lmmg,marin.company_lmmg,,,Office supplies and stationery FF,602.55.001,Expenses,,No,,,,
marin.account_602_56_001_company_lmmg,marin.company_lmmg,,,Maintenance and conservation FF,602.56.001,Expenses,,No,,,,
marin.account_602_57_001_company_lmmg,marin.company_lmmg,,,Insurance and bonds FF,602.57.001,Expenses,,No,,,,
marin.account_611_01_001_company_lmmg,marin.company_lmmg,,,Income tax - ISR,611.01.001,Expenses,,No,,,,
marin.account_701_01_001_company_lmmg,marin.company_lmmg,,,Currency exchange loss,701.01.001,Expenses,,No,,,,
marin.account_701_10_001_company_lmmg,marin.company_lmmg,,,Bank commissions FF,701.10.001,Expenses,,No,,,,
marin.account_702_01_001_company_lmmg,marin.company_lmmg,,,Currency exchange gain,702.01.001,Other Income,,No,,,,
marin.account_703_21_002_company_lmmg,marin.company_lmmg,,,Loss due to cash discrepancy,703.21.002,Expenses,,No,,,,
marin.account_703_21_003_company_lmmg,marin.company_lmmg,,,Loss from cash discount,703.21.003,Expenses,,No,,,,
marin.account_704_01_001_company_lmmg,marin.company_lmmg,,,Gain on sale and/or disposal of lands FF,704.01.001,Other Income,,No,,,,
marin.account_704_22_001_company_lmmg,marin.company_lmmg,,,Gain from cash discount,704.22.001,Other Income,,No,,,,
marin.account_704_23_002_company_lmmg,marin.company_lmmg,,,Gain from cash discrepancy,704.23.002,Other Income,,No,,,,
marin.account_899_01_099_company_lmmg,marin.company_lmmg,,,Cash flow basis for taxation,899.01.099,Expenses,,No,,,,
marin.account_101_01_001_company_glmm,marin.company_glmm,,,Cash main,101.01.001,Bank and Cash,,No,,,,
marin.account_102_01_000_company_glmm,marin.company_glmm,,,Bank suspense account,102.01.000,Current Assets,,No,,,,
marin.account_102_01_001_company_glmm,marin.company_glmm,,,Bank BBVA 0466728227,102.01.001,Bank and Cash,,No,,,,
marin.account_102_01_010_company_glmm,marin.company_glmm,,,Bank BBVA Payroll,102.01.010,Bank and Cash,,No,,,,
marin.account_102_01_111_company_glmm,marin.company_glmm,,,Liquidity transfer,102.01.111,Current Assets,True,No,,,,
marin.account_105_01_001_company_glmm,marin.company_glmm,,,Domestic customers FF,105.01.001,Receivable,True,No,,,,
marin.account_105_01_002_company_glmm,marin.company_glmm,,,Domestic customers NF,105.01.002,Receivable,True,No,,,,
marin.account_107_01_001_company_glmm,marin.company_glmm,,,Officers and employees FF,107.01.001,Payable,True,No,,,,
marin.account_113_01_001_company_glmm,marin.company_glmm,,,VAT in favor,113.01.001,Current Assets,,No,,,,
marin.account_113_02_001_company_glmm,marin.company_glmm,,,Income tax in favor,113.02.001,Current Assets,,No,,,,
marin.account_113_06_001_company_glmm,marin.company_glmm,,,Employment subsidy actually delivered,113.06.001,Current Assets,,No,,,,
marin.account_113_08_001_company_glmm,marin.company_glmm,,,Other taxes in favor,113.08.001,Current Assets,,No,,,,
marin.account_114_01_001_company_glmm,marin.company_glmm,,,Provisional income tax payments,114.01.001,Current Assets,,No,,,,
marin.account_115_01_001_company_glmm,marin.company_glmm,,,Inventory FF,115.01.001,Current Assets,,No,,,,
marin.account_115_01_002_company_glmm,marin.company_glmm,,,Inventory NF,115.01.002,Current Assets,,No,,,,
marin.account_118_01_001_company_glmm,marin.company_glmm,,,Paid VAT creditable,118.01.001,Current Assets,,No,,,,
marin.account_118_03_001_company_glmm,marin.company_glmm,,,Paid IEPS creditable,118.03.001,Current Assets,,No,,,,
marin.account_119_01_001_company_glmm,marin.company_glmm,,,Unpaid VAT creditable,119.01.001,Current Assets,True,No,,,,
marin.account_119_01_002_company_glmm,marin.company_glmm,,,Non-deductible unpaid VAT,119.01.002,Current Liabilities,True,No,,,,
marin.account_119_03_001_company_glmm,marin.company_glmm,,,Unpaid IEPS creditable,119.03.001,Current Assets,True,No,,,,
marin.account_201_01_001_company_glmm,marin.company_glmm,,,Domestic suppliers FF,201.01.001,Payable,True,No,,,,
marin.account_201_01_002_company_glmm,marin.company_glmm,,,Domestic suppliers NF,201.01.002,Payable,True,No,,,,
marin.account_202_03_099_company_glmm,marin.company_glmm,,,Returned bank transactions,202.03.099,Current Liabilities,True,No,,,,
marin.account_208_01_001_company_glmm,marin.company_glmm,,,Collected transfered VAT,208.01.001,Current Liabilities,,No,,,,
marin.account_209_01_001_company_glmm,marin.company_glmm,,,Uncollected transfered VAT,209.01.001,Current Liabilities,True,No,,,,
marin.account_210_01_001_company_glmm,marin.company_glmm,,,Provision for wages and salaries payable,210.01.001,Current Liabilities,True,No,,,,
marin.account_213_01_001_company_glmm,marin.company_glmm,,,VAT payable,213.01.001,Current Liabilities,,No,,,,
marin.account_213_03_001_company_glmm,marin.company_glmm,,,Income tax payable,213.03.001,Current Liabilities,,No,,,,
marin.account_213_05_001_company_glmm,marin.company_glmm,,,State and municipal taxes payable,213.05.001,Current Liabilities,,No,,,,
marin.account_216_01_001_company_glmm,marin.company_glmm,,,Income tax withholdings from wages and salaries,216.01.001,Current Liabilities,True,No,,,,
marin.account_216_11_001_company_glmm,marin.company_glmm,,,IMSS withholdings from employees FF,216.11.001,Current Liabilities,,No,,,,
marin.account_302_01_001_company_glmm,marin.company_glmm,,,Equity FF,302.01.001,Equity,,No,,,,
marin.account_302_01_002_company_glmm,marin.company_glmm,,,Equity NF,302.01.002,Equity,,No,,,,
marin.account_304_01_001_company_glmm,marin.company_glmm,,,Profit from prior periods FF,304.01.001,Equity,,No,,,,
marin.account_304_01_002_company_glmm,marin.company_glmm,,,Profit from prior periods NF,304.01.002,Equity,,No,,,,
marin.account_304_02_001_company_glmm,marin.company_glmm,,,Loss from prior periods FF,304.02.001,Equity,,No,,,,
marin.account_304_02_002_company_glmm,marin.company_glmm,,,Loss from prior periods NF,304.02.002,Equity,,No,,,,
marin.account_305_01_001_company_glmm,marin.company_glmm,,,Net income FF,305.01.001,Equity,,No,,,,
marin.account_305_01_002_company_glmm,marin.company_glmm,,,Net income NF,305.01.002,Equity,,No,,,,
marin.account_305_02_001_company_glmm,marin.company_glmm,,,Net loss FF,305.02.001,Equity,,No,,,,
marin.account_305_02_002_company_glmm,marin.company_glmm,,,Net loss NF,305.02.002,Equity,,No,,,,
marin.account_401_01_001_company_glmm,marin.company_glmm,,,Sales 16% FF,401.01.001,Income,,No,,,,
marin.account_401_04_001_company_glmm,marin.company_glmm,,,Sales 0% FF,401.04.001,Income,,No,,,,
marin.account_401_04_002_company_glmm,marin.company_glmm,,,Sales 0% NF,401.04.002,Income,,No,,,,
marin.account_401_04_006_company_glmm,marin.company_glmm,,,Sales 0% FX - Multi company cash trade --> self bank,401.04.006,Income,,No,,,,
marin.account_401_04_009_company_glmm,marin.company_glmm,,,Sales 0% FX - Bank trade LMMG --> Bank GLMM,401.04.009,Income,,No,,,,
marin.account_401_04_010_company_glmm,marin.company_glmm,,,Sales 0% FX - Cash trade LMMR --> Bank GLMM,401.04.010,Income,,No,,,,
marin.account_401_04_013_company_glmm,marin.company_glmm,,,Sales 0% FX - without invoice without discount over sales NF,401.04.013,Income,,No,,,,
marin.account_401_04_014_company_glmm,marin.company_glmm,,,Sales 0% FX - without invoice with discount over sales NF,401.04.014,Income,,No,,,,
marin.account_501_01_001_company_glmm,marin.company_glmm,,,Cost of sales FF,501.01.001,Cost of Revenue,,No,,,,
marin.account_501_01_002_company_glmm,marin.company_glmm,,,Cost of sales NF,501.01.002,Cost of Revenue,,No,,,,
marin.account_501_01_003_company_glmm,marin.company_glmm,,,Cost of sales FX,501.01.003,Cost of Revenue,,No,,,,
marin.account_601_26_001_company_glmm,marin.company_glmm,,,Employer's social security contributions FF,601.26.001,Expenses,,No,,,,
marin.account_601_58_001_company_glmm,marin.company_glmm,,,Other taxes and duties FF,601.58.001,Expenses,,No,,,,
marin.account_601_83_001_company_glmm,marin.company_glmm,,,Non-deductible expenses - without fiscal requirements,601.83.001,Expenses,,No,,,,
marin.account_602_01_001_company_glmm,marin.company_glmm,,,Wages and salaries FF,602.01.001,Expenses,,No,,,,
marin.account_602_26_001_company_glmm,marin.company_glmm,,,Employer's social security contributions FF,602.26.001,Expenses,,No,,,,
marin.account_602_34_001_company_glmm,marin.company_glmm,,,Professional fees FF,602.34.001,Expenses,,No,,,,
marin.account_602_48_001_company_glmm,marin.company_glmm,,,Fuel and lubricants FF,602.48.001,Expenses,,No,,,,
marin.account_602_49_001_company_glmm,marin.company_glmm,,,Per diems and travel expenses FF,602.49.001,Expenses,,No,,,,
marin.account_602_50_001_company_glmm,marin.company_glmm,,,"Telephone, internet FF",602.50.001,Expenses,,No,,,,
marin.account_602_56_001_company_glmm,marin.company_glmm,,,Maintenance and conservation FF,602.56.001,Expenses,,No,,,,
marin.account_602_57_001_company_glmm,marin.company_glmm,,,Insurance and bonds FF,602.57.001,Expenses,,No,,,,
marin.account_602_58_001_company_glmm,marin.company_glmm,,,Other taxes and duties FF,602.58.001,Expenses,,No,,,,
marin.account_602_72_001_company_glmm,marin.company_glmm,,,Freight and haulage FF,602.72.001,Expenses,,No,,,,
marin.account_602_83_001_company_glmm,marin.company_glmm,,,Non-deductible expenses - without fiscal requirements,602.83.001,Expenses,,No,,,,
marin.account_602_83_007_company_glmm,marin.company_glmm,,,Non-deductible expenses - non-deductible VAT,602.83.007,Expenses,,No,,,,
marin.account_603_100_001_company_glmm,marin.company_glmm,,,Self cash trade --> Bank LMMG,603.100.001,Expenses,,No,,,,
marin.account_603_100_002_company_glmm,marin.company_glmm,,,Self cash trade --> Bank LMMR,603.100.002,Expenses,,No,,,,
marin.account_603_101_001_company_glmm,marin.company_glmm,,,Self bank trade --> Bank LMMG,603.101.001,Expenses,,No,,,,
marin.account_603_101_002_company_glmm,marin.company_glmm,,,Self bank trade --> Bank LMMR,603.101.002,Expenses,,No,,,,
marin.account_603_102_001_company_glmm,marin.company_glmm,,,Bank trade LMMG --> self cash to thirth parties,603.102.001,Expenses,,No,,,,
marin.account_603_102_002_company_glmm,marin.company_glmm,,,Bank trade LMMR --> self cash to thirth parties,603.102.002,Expenses,,No,,,,
marin.account_603_55_001_company_glmm,marin.company_glmm,,,"Material, papelera y artculos de oficina FF",603.55.001,Expenses,,No,,,,
marin.account_611_01_001_company_glmm,marin.company_glmm,,,Income tax - ISR,611.01.001,Expenses,,No,,,,
marin.account_701_01_001_company_glmm,marin.company_glmm,,,Currency exchange loss,701.01.001,Expenses,,No,,,,
marin.account_701_04_001_company_glmm,marin.company_glmm,,,Interest expense to domestic bank FF,701.04.001,Expenses,,No,,,,
marin.account_701_10_001_company_glmm,marin.company_glmm,,,Bank commissions FF,701.10.001,Expenses,,No,,,,
marin.account_702_01_001_company_glmm,marin.company_glmm,,,Currency exchange gain,702.01.001,Other Income,,No,,,,
marin.account_703_21_001_company_glmm,marin.company_glmm,,,Other expenses FF,703.21.001,Expenses,,No,,,,
marin.account_703_21_002_company_glmm,marin.company_glmm,,,Loss due to cash discrepancy,703.21.002,Expenses,,No,,,,
marin.account_703_21_003_company_glmm,marin.company_glmm,,,Loss from cash discount,703.21.003,Expenses,,No,,,,
marin.account_704_22_001_company_glmm,marin.company_glmm,,,Gain from cash discount,704.22.001,Other Income,,No,,,,
marin.account_704_23_001_company_glmm,marin.company_glmm,,,Other products FF,704.23.001,Other Income,,No,,,,
marin.account_704_23_002_company_glmm,marin.company_glmm,,,Gain from cash discrepancy,704.23.002,Other Income,,No,,,,
marin.account_899_01_099_company_glmm,marin.company_glmm,,,Cash flow basis for taxation,899.01.099,Expenses,,No,,,,
