id,company_id/id,location_id/id,storage_category_id/id,active,posx,posy,posz,usage,barcode,removal_priority,name
marin.stock_location_1105,,stock.stock_location_locations_virtual,,True,0,0,0,Transit Location,,10,Inter-company transit: LMMG-LMMR
marin.stock_location_1106,,stock.stock_location_locations_virtual,,True,0,0,0,Transit Location,,10,Inter-company transit: LMMG-XM
marin.stock_location_1107,,stock.stock_location_locations_virtual,,True,0,0,0,Transit Location,,10,Inter-company transit: LMMR-LMMG
marin.stock_location_1108,,stock.stock_location_locations_virtual,,True,0,0,0,Transit Location,,10,Inter-company transit: LMMR-XM
marin.stock_location_1109,,stock.stock_location_locations_virtual,,True,0,0,0,Transit Location,,10,Inter-company transit: XM-LMMG
marin.stock_location_1110,,stock.stock_location_locations_virtual,,True,0,0,0,Transit Location,,10,Inter-company transit: XM-LMMR
marin.stock_location_1111,marin.company_lmmr,stock.stock_location_locations_virtual,,True,0,0,0,Transit Location,,10,Shipping transit BAL-CDG
marin.stock_location_1112,marin.company_lmmr,stock.stock_location_locations_virtual,,True,0,0,0,Transit Location,,10,Shipping transit BAL-LOM
marin.stock_location_1113,marin.company_lmmr,stock.stock_location_locations_virtual,,True,0,0,0,Transit Location,,10,Shipping transit BAL-SJN
marin.stock_location_1114,marin.company_lmmr,stock.stock_location_locations_virtual,,True,0,0,0,Transit Location,,10,Shipping transit CDG-BAL
marin.stock_location_1115,marin.company_lmmr,stock.stock_location_locations_virtual,,True,0,0,0,Transit Location,,10,Shipping transit CDG-HMT
marin.stock_location_1116,marin.company_lmmr,stock.stock_location_locations_virtual,,True,0,0,0,Transit Location,,10,Shipping transit CDG-LOM
marin.stock_location_1117,marin.company_lmmr,stock.stock_location_locations_virtual,,True,0,0,0,Transit Location,,10,Shipping transit CDG-MICH
marin.stock_location_1118,marin.company_lmmr,stock.stock_location_locations_virtual,,True,0,0,0,Transit Location,,10,Shipping transit CDG-MOCH
marin.stock_location_1119,marin.company_lmmr,stock.stock_location_locations_virtual,,True,0,0,0,Transit Location,,10,Shipping transit CDG-OBR
marin.stock_location_1120,marin.company_lmmr,stock.stock_location_locations_virtual,,True,0,0,0,Transit Location,,10,Shipping transit CDG-SALT
marin.stock_location_1121,marin.company_lmmr,stock.stock_location_locations_virtual,,True,0,0,0,Transit Location,,10,Shipping transit CDG-SJN
marin.stock_location_1122,marin.company_lmmr,stock.stock_location_locations_virtual,,True,0,0,0,Transit Location,,10,Shipping transit CDG-SNT
marin.stock_location_1123,marin.company_lmmr,stock.stock_location_locations_virtual,,True,0,0,0,Transit Location,,10,Shipping transit HMT-CDG
marin.stock_location_1124,marin.company_lmmr,stock.stock_location_locations_virtual,,True,0,0,0,Transit Location,,10,Shipping transit LOM-CDG
marin.stock_location_1125,marin.company_lmmr,stock.stock_location_locations_virtual,,True,0,0,0,Transit Location,,10,Shipping transit LOM-SJN
marin.stock_location_1126,marin.company_lmmr,stock.stock_location_locations_virtual,,True,0,0,0,Transit Location,,10,Shipping transit MICH-CDG
marin.stock_location_1127,marin.company_lmmr,stock.stock_location_locations_virtual,,True,0,0,0,Transit Location,,10,Shipping transit MOCH-CDG
marin.stock_location_1128,marin.company_lmmr,stock.stock_location_locations_virtual,,True,0,0,0,Transit Location,,10,Shipping transit MOCH-OBR
marin.stock_location_1129,marin.company_lmmr,stock.stock_location_locations_virtual,,True,0,0,0,Transit Location,,10,Shipping transit OBR-CDG
marin.stock_location_1130,marin.company_lmmr,stock.stock_location_locations_virtual,,True,0,0,0,Transit Location,,10,Shipping transit OBR-MOCH
marin.stock_location_1131,marin.company_lmmr,stock.stock_location_locations_virtual,,True,0,0,0,Transit Location,,10,Shipping transit OBR-SALT
marin.stock_location_1132,marin.company_lmmr,stock.stock_location_locations_virtual,,True,0,0,0,Transit Location,,10,Shipping transit SALT-CDG
marin.stock_location_1133,marin.company_lmmr,stock.stock_location_locations_virtual,,True,0,0,0,Transit Location,,10,Shipping transit SJN-BAL
marin.stock_location_1134,marin.company_lmmr,stock.stock_location_locations_virtual,,True,0,0,0,Transit Location,,10,Shipping transit SJN-CDG
marin.stock_location_1135,marin.company_lmmr,stock.stock_location_locations_virtual,,True,0,0,0,Transit Location,,10,Shipping transit SJN-LOM
marin.stock_location_1136,marin.company_lmmr,stock.stock_location_locations_virtual,,True,0,0,0,Transit Location,,10,Shipping transit SNT-CDG
marin.stock_location_1137,marin.company_lmmr,marin.stock_location_1010,,True,0,0,0,Internal Location,,10,Bodega
marin.stock_location_1138,marin.company_lmmr,marin.stock_location_1010,,True,0,0,0,Internal Location,,11,Mostrador y anaquel
marin.stock_location_1139,marin.company_lmmr,marin.stock_location_1018,,True,0,0,0,Internal Location,,12,Bodega
marin.stock_location_1140,marin.company_lmmr,marin.stock_location_1018,,True,0,0,0,Internal Location,,11,Bodega tienda
marin.stock_location_1141,marin.company_lmmr,marin.stock_location_1018,,True,0,0,0,Internal Location,,10,Mostrador y anaquel
marin.stock_location_1142,marin.company_lmmr,marin.stock_location_1018,,True,0,0,0,Internal Location,,13,Sotano
marin.stock_location_1143,marin.company_lmmr,marin.stock_location_1026,,True,0,0,0,Internal Location,CDG-OFFICE,2000,Oficina
marin.stock_location_1144,marin.company_lmmr,marin.stock_location_1026,,True,1,-1,1,Internal Location,CDG-PATIO1,1001,Patio1
marin.stock_location_1145,marin.company_lmmr,marin.stock_location_1026,,True,12,-1,1,Internal Location,CDG-PATIO2,1000,Patio2
marin.stock_location_1146,marin.company_lmmr,marin.stock_location_1026,,True,0,0,0,View,,10,R1
marin.stock_location_1147,marin.company_lmmr,marin.stock_location_1026,,True,0,0,0,View,,10,R2
marin.stock_location_1148,marin.company_lmmr,marin.stock_location_1026,,True,0,0,0,View,,10,R3
marin.stock_location_1149,marin.company_lmmr,marin.stock_location_1026,,True,0,0,0,View,,10,R4
marin.stock_location_1150,marin.company_lmmr,marin.stock_location_1026,,True,0,0,0,View,,10,R5
marin.stock_location_1151,marin.company_lmmr,marin.stock_location_1026,,True,0,0,0,View,,10,R6
marin.stock_location_1152,marin.company_lmmr,marin.stock_location_1026,,True,0,0,0,View,,10,R7
marin.stock_location_1153,marin.company_lmmr,marin.stock_location_1146,marin.stock_storage_category_2,True,1,1,1,Internal Location,CDG-R1F01N1,11,R1F01N1
marin.stock_location_1154,marin.company_lmmr,marin.stock_location_1146,marin.stock_storage_category_3,True,1,1,2,Internal Location,CDG-R1F01N2,12,R1F01N2
marin.stock_location_1155,marin.company_lmmr,marin.stock_location_1146,marin.stock_storage_category_4,True,1,1,3,Internal Location,CDG-R1F01N3,13,R1F01N3
marin.stock_location_1156,marin.company_lmmr,marin.stock_location_1146,marin.stock_storage_category_2,True,1,2,1,Internal Location,CDG-R1F02N1,11,R1F02N1
marin.stock_location_1157,marin.company_lmmr,marin.stock_location_1146,marin.stock_storage_category_3,True,1,2,2,Internal Location,CDG-R1F02N2,12,R1F02N2
marin.stock_location_1158,marin.company_lmmr,marin.stock_location_1146,marin.stock_storage_category_4,True,1,2,3,Internal Location,CDG-R1F02N3,13,R1F02N3
marin.stock_location_1159,marin.company_lmmr,marin.stock_location_1146,marin.stock_storage_category_2,True,1,3,1,Internal Location,CDG-R1F03N1,14,R1F03N1
marin.stock_location_1160,marin.company_lmmr,marin.stock_location_1146,marin.stock_storage_category_3,True,1,3,2,Internal Location,CDG-R1F03N2,15,R1F03N2
marin.stock_location_1161,marin.company_lmmr,marin.stock_location_1146,marin.stock_storage_category_4,True,1,3,3,Internal Location,CDG-R1F03N3,16,R1F03N3
marin.stock_location_1162,marin.company_lmmr,marin.stock_location_1146,marin.stock_storage_category_2,True,1,4,1,Internal Location,CDG-R1F04N1,14,R1F04N1
marin.stock_location_1163,marin.company_lmmr,marin.stock_location_1146,marin.stock_storage_category_3,True,1,4,2,Internal Location,CDG-R1F04N2,15,R1F04N2
marin.stock_location_1164,marin.company_lmmr,marin.stock_location_1146,marin.stock_storage_category_4,True,1,4,3,Internal Location,CDG-R1F04N3,16,R1F04N3
marin.stock_location_1165,marin.company_lmmr,marin.stock_location_1146,marin.stock_storage_category_2,True,1,5,1,Internal Location,CDG-R1F05N1,17,R1F05N1
marin.stock_location_1166,marin.company_lmmr,marin.stock_location_1146,marin.stock_storage_category_3,True,1,5,2,Internal Location,CDG-R1F05N2,18,R1F05N2
marin.stock_location_1167,marin.company_lmmr,marin.stock_location_1146,marin.stock_storage_category_4,True,1,5,3,Internal Location,CDG-R1F05N3,19,R1F05N3
marin.stock_location_1168,marin.company_lmmr,marin.stock_location_1146,marin.stock_storage_category_2,True,1,6,1,Internal Location,CDG-R1F06N1,17,R1F06N1
marin.stock_location_1169,marin.company_lmmr,marin.stock_location_1146,marin.stock_storage_category_3,True,1,6,2,Internal Location,CDG-R1F06N2,18,R1F06N2
marin.stock_location_1170,marin.company_lmmr,marin.stock_location_1146,marin.stock_storage_category_4,True,1,6,3,Internal Location,CDG-R1F06N3,19,R1F06N3
marin.stock_location_1171,marin.company_lmmr,marin.stock_location_1146,marin.stock_storage_category_2,True,1,7,1,Internal Location,CDG-R1F07N1,20,R1F07N1
marin.stock_location_1172,marin.company_lmmr,marin.stock_location_1146,marin.stock_storage_category_3,True,1,7,2,Internal Location,CDG-R1F07N2,21,R1F07N2
marin.stock_location_1173,marin.company_lmmr,marin.stock_location_1146,marin.stock_storage_category_4,True,1,7,3,Internal Location,CDG-R1F07N3,22,R1F07N3
marin.stock_location_1174,marin.company_lmmr,marin.stock_location_1146,marin.stock_storage_category_2,True,1,8,1,Internal Location,CDG-R1F08N1,20,R1F08N1
marin.stock_location_1175,marin.company_lmmr,marin.stock_location_1146,marin.stock_storage_category_3,True,1,8,2,Internal Location,CDG-R1F08N2,21,R1F08N2
marin.stock_location_1176,marin.company_lmmr,marin.stock_location_1146,marin.stock_storage_category_4,True,1,8,3,Internal Location,CDG-R1F08N3,22,R1F08N3
marin.stock_location_1177,marin.company_lmmr,marin.stock_location_1146,marin.stock_storage_category_2,True,1,9,1,Internal Location,CDG-R1F09N1,23,R1F09N1
marin.stock_location_1178,marin.company_lmmr,marin.stock_location_1146,marin.stock_storage_category_3,True,1,9,2,Internal Location,CDG-R1F09N2,24,R1F09N2
marin.stock_location_1179,marin.company_lmmr,marin.stock_location_1146,marin.stock_storage_category_4,True,1,9,3,Internal Location,CDG-R1F09N3,25,R1F09N3
marin.stock_location_1180,marin.company_lmmr,marin.stock_location_1146,marin.stock_storage_category_2,True,1,10,1,Internal Location,CDG-R1F10N1,23,R1F10N1
marin.stock_location_1181,marin.company_lmmr,marin.stock_location_1146,marin.stock_storage_category_3,True,1,10,2,Internal Location,CDG-R1F10N2,24,R1F10N2
marin.stock_location_1182,marin.company_lmmr,marin.stock_location_1146,marin.stock_storage_category_4,True,1,10,3,Internal Location,CDG-R1F10N3,25,R1F10N3
marin.stock_location_1183,marin.company_lmmr,marin.stock_location_1146,marin.stock_storage_category_2,True,1,11,1,Internal Location,CDG-R1F11N1,26,R1F11N1
marin.stock_location_1184,marin.company_lmmr,marin.stock_location_1146,marin.stock_storage_category_3,True,1,11,2,Internal Location,CDG-R1F11N2,27,R1F11N2
marin.stock_location_1185,marin.company_lmmr,marin.stock_location_1146,marin.stock_storage_category_4,True,1,11,3,Internal Location,CDG-R1F11N3,28,R1F11N3
marin.stock_location_1186,marin.company_lmmr,marin.stock_location_1146,marin.stock_storage_category_2,True,1,12,1,Internal Location,CDG-R1F12N1,26,R1F12N1
marin.stock_location_1187,marin.company_lmmr,marin.stock_location_1146,marin.stock_storage_category_3,True,1,12,2,Internal Location,CDG-R1F12N2,27,R1F12N2
marin.stock_location_1188,marin.company_lmmr,marin.stock_location_1146,marin.stock_storage_category_4,True,1,12,3,Internal Location,CDG-R1F12N3,28,R1F12N3
marin.stock_location_1189,marin.company_lmmr,marin.stock_location_1146,marin.stock_storage_category_2,True,1,13,1,Internal Location,CDG-R1F13N1,29,R1F13N1
marin.stock_location_1190,marin.company_lmmr,marin.stock_location_1146,marin.stock_storage_category_3,True,1,13,2,Internal Location,CDG-R1F13N2,30,R1F13N2
marin.stock_location_1191,marin.company_lmmr,marin.stock_location_1146,marin.stock_storage_category_4,True,1,13,3,Internal Location,CDG-R1F13N3,31,R1F13N3
marin.stock_location_1192,marin.company_lmmr,marin.stock_location_1146,marin.stock_storage_category_2,True,1,14,1,Internal Location,CDG-R1F14N1,29,R1F14N1
marin.stock_location_1193,marin.company_lmmr,marin.stock_location_1146,marin.stock_storage_category_3,True,1,14,2,Internal Location,CDG-R1F14N2,30,R1F14N2
marin.stock_location_1194,marin.company_lmmr,marin.stock_location_1146,marin.stock_storage_category_4,True,1,14,3,Internal Location,CDG-R1F14N3,31,R1F14N3
marin.stock_location_1195,marin.company_lmmr,marin.stock_location_1146,marin.stock_storage_category_2,True,1,15,1,Internal Location,CDG-R1F15N1,32,R1F15N1
marin.stock_location_1196,marin.company_lmmr,marin.stock_location_1146,marin.stock_storage_category_3,True,1,15,2,Internal Location,CDG-R1F15N2,33,R1F15N2
marin.stock_location_1197,marin.company_lmmr,marin.stock_location_1146,marin.stock_storage_category_4,True,1,15,3,Internal Location,CDG-R1F15N3,34,R1F15N3
marin.stock_location_1198,marin.company_lmmr,marin.stock_location_1146,marin.stock_storage_category_2,True,1,16,1,Internal Location,CDG-R1F16N1,32,R1F16N1
marin.stock_location_1199,marin.company_lmmr,marin.stock_location_1146,marin.stock_storage_category_3,True,1,16,2,Internal Location,CDG-R1F16N2,33,R1F16N2
marin.stock_location_1200,marin.company_lmmr,marin.stock_location_1146,marin.stock_storage_category_4,True,1,16,3,Internal Location,CDG-R1F16N3,34,R1F16N3
marin.stock_location_1201,marin.company_lmmr,marin.stock_location_1146,marin.stock_storage_category_2,True,1,17,1,Internal Location,CDG-R1F17N1,35,R1F17N1
marin.stock_location_1202,marin.company_lmmr,marin.stock_location_1146,marin.stock_storage_category_3,True,1,17,2,Internal Location,CDG-R1F17N2,36,R1F17N2
marin.stock_location_1203,marin.company_lmmr,marin.stock_location_1146,marin.stock_storage_category_4,True,1,17,3,Internal Location,CDG-R1F17N3,37,R1F17N3
marin.stock_location_1204,marin.company_lmmr,marin.stock_location_1146,marin.stock_storage_category_2,True,1,18,1,Internal Location,CDG-R1F18N1,35,R1F18N1
marin.stock_location_1205,marin.company_lmmr,marin.stock_location_1146,marin.stock_storage_category_3,True,1,18,2,Internal Location,CDG-R1F18N2,36,R1F18N2
marin.stock_location_1206,marin.company_lmmr,marin.stock_location_1146,marin.stock_storage_category_4,True,1,18,3,Internal Location,CDG-R1F18N3,37,R1F18N3
marin.stock_location_1207,marin.company_lmmr,marin.stock_location_1146,marin.stock_storage_category_2,True,1,19,1,Internal Location,CDG-R1F19N1,38,R1F19N1
marin.stock_location_1208,marin.company_lmmr,marin.stock_location_1146,marin.stock_storage_category_3,True,1,19,2,Internal Location,CDG-R1F19N2,39,R1F19N2
marin.stock_location_1209,marin.company_lmmr,marin.stock_location_1146,marin.stock_storage_category_4,True,1,19,3,Internal Location,CDG-R1F19N3,40,R1F19N3
marin.stock_location_1210,marin.company_lmmr,marin.stock_location_1146,marin.stock_storage_category_2,True,1,20,1,Internal Location,CDG-R1F20N1,38,R1F20N1
marin.stock_location_1211,marin.company_lmmr,marin.stock_location_1146,marin.stock_storage_category_3,True,1,20,2,Internal Location,CDG-R1F20N2,39,R1F20N2
marin.stock_location_1212,marin.company_lmmr,marin.stock_location_1146,marin.stock_storage_category_4,True,1,20,3,Internal Location,CDG-R1F20N3,40,R1F20N3
marin.stock_location_1213,marin.company_lmmr,marin.stock_location_1146,marin.stock_storage_category_2,True,1,21,1,Internal Location,CDG-R1F21N1,44,R1F21N1
marin.stock_location_1214,marin.company_lmmr,marin.stock_location_1146,marin.stock_storage_category_3,True,1,21,2,Internal Location,CDG-R1F21N2,45,R1F21N2
marin.stock_location_1215,marin.company_lmmr,marin.stock_location_1146,marin.stock_storage_category_4,True,1,21,3,Internal Location,CDG-R1F21N3,46,R1F21N3
marin.stock_location_1216,marin.company_lmmr,marin.stock_location_1146,marin.stock_storage_category_2,True,1,22,1,Internal Location,CDG-R1F22N1,44,R1F22N1
marin.stock_location_1217,marin.company_lmmr,marin.stock_location_1146,marin.stock_storage_category_3,True,1,22,2,Internal Location,CDG-R1F22N2,45,R1F22N2
marin.stock_location_1218,marin.company_lmmr,marin.stock_location_1146,marin.stock_storage_category_4,True,1,22,3,Internal Location,CDG-R1F22N3,46,R1F22N3
marin.stock_location_1219,marin.company_lmmr,marin.stock_location_1146,marin.stock_storage_category_2,True,1,23,1,Internal Location,CDG-R1F23N1,50,R1F23N1
marin.stock_location_1220,marin.company_lmmr,marin.stock_location_1146,marin.stock_storage_category_3,True,1,23,2,Internal Location,CDG-R1F23N2,51,R1F23N2
marin.stock_location_1221,marin.company_lmmr,marin.stock_location_1146,marin.stock_storage_category_4,True,1,23,3,Internal Location,CDG-R1F23N3,52,R1F23N3
marin.stock_location_1222,marin.company_lmmr,marin.stock_location_1146,marin.stock_storage_category_2,True,1,24,1,Internal Location,CDG-R1F24N1,50,R1F24N1
marin.stock_location_1223,marin.company_lmmr,marin.stock_location_1146,marin.stock_storage_category_3,True,1,24,2,Internal Location,CDG-R1F24N2,51,R1F24N2
marin.stock_location_1224,marin.company_lmmr,marin.stock_location_1146,marin.stock_storage_category_4,True,1,24,3,Internal Location,CDG-R1F24N3,52,R1F24N3
marin.stock_location_1225,marin.company_lmmr,marin.stock_location_1146,marin.stock_storage_category_2,True,1,25,1,Internal Location,CDG-R1F25N1,56,R1F25N1
marin.stock_location_1226,marin.company_lmmr,marin.stock_location_1146,marin.stock_storage_category_3,True,1,25,2,Internal Location,CDG-R1F25N2,57,R1F25N2
marin.stock_location_1227,marin.company_lmmr,marin.stock_location_1146,marin.stock_storage_category_4,True,1,25,3,Internal Location,CDG-R1F25N3,58,R1F25N3
marin.stock_location_1228,marin.company_lmmr,marin.stock_location_1146,marin.stock_storage_category_2,True,1,26,1,Internal Location,CDG-R1F26N1,56,R1F26N1
marin.stock_location_1229,marin.company_lmmr,marin.stock_location_1146,marin.stock_storage_category_3,True,1,26,2,Internal Location,CDG-R1F26N2,57,R1F26N2
marin.stock_location_1230,marin.company_lmmr,marin.stock_location_1146,marin.stock_storage_category_4,True,1,26,3,Internal Location,CDG-R1F26N3,58,R1F26N3
marin.stock_location_1231,marin.company_lmmr,marin.stock_location_1146,marin.stock_storage_category_2,True,1,27,1,Internal Location,CDG-R1F27N1,62,R1F27N1
marin.stock_location_1232,marin.company_lmmr,marin.stock_location_1146,marin.stock_storage_category_3,True,1,27,2,Internal Location,CDG-R1F27N2,63,R1F27N2
marin.stock_location_1233,marin.company_lmmr,marin.stock_location_1146,marin.stock_storage_category_4,True,1,27,3,Internal Location,CDG-R1F27N3,64,R1F27N3
marin.stock_location_1234,marin.company_lmmr,marin.stock_location_1146,marin.stock_storage_category_2,True,1,28,1,Internal Location,CDG-R1F28N1,62,R1F28N1
marin.stock_location_1235,marin.company_lmmr,marin.stock_location_1146,marin.stock_storage_category_3,True,1,28,2,Internal Location,CDG-R1F28N2,63,R1F28N2
marin.stock_location_1236,marin.company_lmmr,marin.stock_location_1146,marin.stock_storage_category_4,True,1,28,3,Internal Location,CDG-R1F28N3,64,R1F28N3
marin.stock_location_1237,marin.company_lmmr,marin.stock_location_1146,marin.stock_storage_category_2,True,1,29,1,Internal Location,CDG-R1F29N1,68,R1F29N1
marin.stock_location_1238,marin.company_lmmr,marin.stock_location_1146,marin.stock_storage_category_3,True,1,29,2,Internal Location,CDG-R1F29N2,69,R1F29N2
marin.stock_location_1239,marin.company_lmmr,marin.stock_location_1146,marin.stock_storage_category_4,True,1,29,3,Internal Location,CDG-R1F29N3,70,R1F29N3
marin.stock_location_1240,marin.company_lmmr,marin.stock_location_1146,marin.stock_storage_category_2,True,1,30,1,Internal Location,CDG-R1F30N1,68,R1F30N1
marin.stock_location_1241,marin.company_lmmr,marin.stock_location_1146,marin.stock_storage_category_3,True,1,30,2,Internal Location,CDG-R1F30N2,69,R1F30N2
marin.stock_location_1242,marin.company_lmmr,marin.stock_location_1146,marin.stock_storage_category_4,True,1,30,3,Internal Location,CDG-R1F30N3,70,R1F30N3
marin.stock_location_1243,marin.company_lmmr,marin.stock_location_1146,marin.stock_storage_category_2,True,1,31,1,Internal Location,CDG-R1F31N1,74,R1F31N1
marin.stock_location_1244,marin.company_lmmr,marin.stock_location_1146,marin.stock_storage_category_3,True,1,31,2,Internal Location,CDG-R1F31N2,75,R1F31N2
marin.stock_location_1245,marin.company_lmmr,marin.stock_location_1146,marin.stock_storage_category_4,True,1,31,3,Internal Location,CDG-R1F31N3,76,R1F31N3
marin.stock_location_1246,marin.company_lmmr,marin.stock_location_1146,marin.stock_storage_category_2,True,1,32,1,Internal Location,CDG-R1F32N1,74,R1F32N1
marin.stock_location_1247,marin.company_lmmr,marin.stock_location_1146,marin.stock_storage_category_3,True,1,32,2,Internal Location,CDG-R1F32N2,75,R1F32N2
marin.stock_location_1248,marin.company_lmmr,marin.stock_location_1146,marin.stock_storage_category_4,True,1,32,3,Internal Location,CDG-R1F32N3,76,R1F32N3
marin.stock_location_1249,marin.company_lmmr,marin.stock_location_1146,marin.stock_storage_category_2,True,1,33,1,Internal Location,CDG-R1F33N1,80,R1F33N1
marin.stock_location_1250,marin.company_lmmr,marin.stock_location_1146,marin.stock_storage_category_3,True,1,33,2,Internal Location,CDG-R1F33N2,81,R1F33N2
marin.stock_location_1251,marin.company_lmmr,marin.stock_location_1146,marin.stock_storage_category_4,True,1,33,3,Internal Location,CDG-R1F33N3,82,R1F33N3
marin.stock_location_1252,marin.company_lmmr,marin.stock_location_1146,marin.stock_storage_category_2,True,1,34,1,Internal Location,CDG-R1F34N1,80,R1F34N1
marin.stock_location_1253,marin.company_lmmr,marin.stock_location_1146,marin.stock_storage_category_3,True,1,34,2,Internal Location,CDG-R1F34N2,81,R1F34N2
marin.stock_location_1254,marin.company_lmmr,marin.stock_location_1146,marin.stock_storage_category_4,True,1,34,3,Internal Location,CDG-R1F34N3,82,R1F34N3
marin.stock_location_1255,marin.company_lmmr,marin.stock_location_1146,marin.stock_storage_category_1,True,1,35,1,Internal Location,CDG-R1F35N1CISTERNA,1999,R1F35N1 - Cisterna
marin.stock_location_1256,marin.company_lmmr,marin.stock_location_1147,marin.stock_storage_category_2,True,4,13,1,Internal Location,CDG-R2F08N1,29,R2F08N1
marin.stock_location_1257,marin.company_lmmr,marin.stock_location_1147,marin.stock_storage_category_3,True,4,13,2,Internal Location,CDG-R2F08N2,29,R2F08N2
marin.stock_location_1258,marin.company_lmmr,marin.stock_location_1147,marin.stock_storage_category_4,True,4,13,3,Internal Location,CDG-R2F08N3,29,R2F08N3
marin.stock_location_1259,marin.company_lmmr,marin.stock_location_1147,marin.stock_storage_category_2,True,4,13,1,Internal Location,CDG-R2F09N1,29,R2F09N1
marin.stock_location_1260,marin.company_lmmr,marin.stock_location_1147,marin.stock_storage_category_3,True,4,13,2,Internal Location,CDG-R2F09N2,29,R2F09N2
marin.stock_location_1261,marin.company_lmmr,marin.stock_location_1147,marin.stock_storage_category_4,True,4,13,3,Internal Location,CDG-R2F09N3,29,R2F09N3
marin.stock_location_1262,marin.company_lmmr,marin.stock_location_1147,marin.stock_storage_category_2,True,4,13,1,Internal Location,CDG-R2F10N1,29,R2F10N1
marin.stock_location_1263,marin.company_lmmr,marin.stock_location_1147,marin.stock_storage_category_3,True,4,13,2,Internal Location,CDG-R2F10N2,29,R2F10N2
marin.stock_location_1264,marin.company_lmmr,marin.stock_location_1147,marin.stock_storage_category_4,True,4,13,3,Internal Location,CDG-R2F10N3,29,R2F10N3
marin.stock_location_1265,marin.company_lmmr,marin.stock_location_1147,marin.stock_storage_category_2,True,4,13,1,Internal Location,CDG-R2F11N1,29,R2F11N1
marin.stock_location_1266,marin.company_lmmr,marin.stock_location_1147,marin.stock_storage_category_3,True,4,13,2,Internal Location,CDG-R2F11N2,29,R2F11N2
marin.stock_location_1267,marin.company_lmmr,marin.stock_location_1147,marin.stock_storage_category_4,True,4,13,3,Internal Location,CDG-R2F11N3,29,R2F11N3
marin.stock_location_1268,marin.company_lmmr,marin.stock_location_1147,marin.stock_storage_category_2,True,4,13,1,Internal Location,CDG-R2F12N1,29,R2F12N1
marin.stock_location_1269,marin.company_lmmr,marin.stock_location_1147,marin.stock_storage_category_3,True,4,13,2,Internal Location,CDG-R2F12N2,29,R2F12N2
marin.stock_location_1270,marin.company_lmmr,marin.stock_location_1147,marin.stock_storage_category_4,True,4,13,3,Internal Location,CDG-R2F12N3,29,R2F12N3
marin.stock_location_1271,marin.company_lmmr,marin.stock_location_1147,marin.stock_storage_category_2,True,4,13,1,Internal Location,CDG-R2F13N1,29,R2F13N1
marin.stock_location_1272,marin.company_lmmr,marin.stock_location_1147,marin.stock_storage_category_3,True,4,13,2,Internal Location,CDG-R2F13N2,30,R2F13N2
marin.stock_location_1273,marin.company_lmmr,marin.stock_location_1147,marin.stock_storage_category_4,True,4,13,3,Internal Location,CDG-R2F13N3,31,R2F13N3
marin.stock_location_1274,marin.company_lmmr,marin.stock_location_1147,marin.stock_storage_category_2,True,4,14,1,Internal Location,CDG-R2F14N1,29,R2F14N1
marin.stock_location_1275,marin.company_lmmr,marin.stock_location_1147,marin.stock_storage_category_3,True,4,14,2,Internal Location,CDG-R2F14N2,30,R2F14N2
marin.stock_location_1276,marin.company_lmmr,marin.stock_location_1147,marin.stock_storage_category_4,True,4,14,3,Internal Location,CDG-R2F14N3,31,R2F14N3
marin.stock_location_1277,marin.company_lmmr,marin.stock_location_1147,marin.stock_storage_category_2,True,4,15,1,Internal Location,CDG-R2F15N1,32,R2F15N1
marin.stock_location_1278,marin.company_lmmr,marin.stock_location_1147,marin.stock_storage_category_3,True,4,15,2,Internal Location,CDG-R2F15N2,33,R2F15N2
marin.stock_location_1279,marin.company_lmmr,marin.stock_location_1147,marin.stock_storage_category_4,True,4,15,3,Internal Location,CDG-R2F15N3,34,R2F15N3
marin.stock_location_1280,marin.company_lmmr,marin.stock_location_1147,marin.stock_storage_category_2,True,4,16,1,Internal Location,CDG-R2F16N1,32,R2F16N1
marin.stock_location_1281,marin.company_lmmr,marin.stock_location_1147,marin.stock_storage_category_3,True,4,16,2,Internal Location,CDG-R2F16N2,33,R2F16N2
marin.stock_location_1282,marin.company_lmmr,marin.stock_location_1147,marin.stock_storage_category_4,True,4,16,3,Internal Location,CDG-R2F16N3,34,R2F16N3
marin.stock_location_1283,marin.company_lmmr,marin.stock_location_1147,marin.stock_storage_category_2,True,4,17,1,Internal Location,CDG-R2F17N1,35,R2F17N1
marin.stock_location_1284,marin.company_lmmr,marin.stock_location_1147,marin.stock_storage_category_3,True,4,17,2,Internal Location,CDG-R2F17N2,36,R2F17N2
marin.stock_location_1285,marin.company_lmmr,marin.stock_location_1147,marin.stock_storage_category_4,True,4,17,3,Internal Location,CDG-R2F17N3,37,R2F17N3
marin.stock_location_1286,marin.company_lmmr,marin.stock_location_1147,marin.stock_storage_category_2,True,4,18,1,Internal Location,CDG-R2F18N1,35,R2F18N1
marin.stock_location_1287,marin.company_lmmr,marin.stock_location_1147,marin.stock_storage_category_3,True,4,18,2,Internal Location,CDG-R2F18N2,36,R2F18N2
marin.stock_location_1288,marin.company_lmmr,marin.stock_location_1147,marin.stock_storage_category_4,True,4,18,3,Internal Location,CDG-R2F18N3,37,R2F18N3
marin.stock_location_1289,marin.company_lmmr,marin.stock_location_1147,marin.stock_storage_category_2,True,4,19,1,Internal Location,CDG-R2F19N1,41,R2F19N1
marin.stock_location_1290,marin.company_lmmr,marin.stock_location_1147,marin.stock_storage_category_3,True,4,19,2,Internal Location,CDG-R2F19N2,42,R2F19N2
marin.stock_location_1291,marin.company_lmmr,marin.stock_location_1147,marin.stock_storage_category_4,True,4,19,3,Internal Location,CDG-R2F19N3,43,R2F19N3
marin.stock_location_1292,marin.company_lmmr,marin.stock_location_1147,marin.stock_storage_category_2,True,4,20,1,Internal Location,CDG-R2F20N1,41,R2F20N1
marin.stock_location_1293,marin.company_lmmr,marin.stock_location_1147,marin.stock_storage_category_3,True,4,20,2,Internal Location,CDG-R2F20N2,42,R2F20N2
marin.stock_location_1294,marin.company_lmmr,marin.stock_location_1147,marin.stock_storage_category_4,True,4,20,3,Internal Location,CDG-R2F20N3,43,R2F20N3
marin.stock_location_1295,marin.company_lmmr,marin.stock_location_1147,marin.stock_storage_category_2,True,4,21,1,Internal Location,CDG-R2F21N1,47,R2F21N1
marin.stock_location_1296,marin.company_lmmr,marin.stock_location_1147,marin.stock_storage_category_3,True,4,21,2,Internal Location,CDG-R2F21N2,48,R2F21N2
marin.stock_location_1297,marin.company_lmmr,marin.stock_location_1147,marin.stock_storage_category_4,True,4,21,3,Internal Location,CDG-R2F21N3,49,R2F21N3
marin.stock_location_1298,marin.company_lmmr,marin.stock_location_1147,marin.stock_storage_category_2,True,4,22,1,Internal Location,CDG-R2F22N1,47,R2F22N1
marin.stock_location_1299,marin.company_lmmr,marin.stock_location_1147,marin.stock_storage_category_3,True,4,22,2,Internal Location,CDG-R2F22N2,48,R2F22N2
marin.stock_location_1300,marin.company_lmmr,marin.stock_location_1147,marin.stock_storage_category_4,True,4,22,3,Internal Location,CDG-R2F22N3,49,R2F22N3
marin.stock_location_1301,marin.company_lmmr,marin.stock_location_1147,marin.stock_storage_category_2,True,4,23,1,Internal Location,CDG-R2F23N1,53,R2F23N1
marin.stock_location_1302,marin.company_lmmr,marin.stock_location_1147,marin.stock_storage_category_3,True,4,23,2,Internal Location,CDG-R2F23N2,54,R2F23N2
marin.stock_location_1303,marin.company_lmmr,marin.stock_location_1147,marin.stock_storage_category_4,True,4,23,3,Internal Location,CDG-R2F23N3,55,R2F23N3
marin.stock_location_1304,marin.company_lmmr,marin.stock_location_1147,marin.stock_storage_category_2,True,4,24,1,Internal Location,CDG-R2F24N1,53,R2F24N1
marin.stock_location_1305,marin.company_lmmr,marin.stock_location_1147,marin.stock_storage_category_3,True,4,24,2,Internal Location,CDG-R2F24N2,54,R2F24N2
marin.stock_location_1306,marin.company_lmmr,marin.stock_location_1147,marin.stock_storage_category_4,True,4,24,3,Internal Location,CDG-R2F24N3,55,R2F24N3
marin.stock_location_1307,marin.company_lmmr,marin.stock_location_1147,marin.stock_storage_category_2,True,4,25,1,Internal Location,CDG-R2F25N1,59,R2F25N1
marin.stock_location_1308,marin.company_lmmr,marin.stock_location_1147,marin.stock_storage_category_3,True,4,25,2,Internal Location,CDG-R2F25N2,60,R2F25N2
marin.stock_location_1309,marin.company_lmmr,marin.stock_location_1147,marin.stock_storage_category_4,True,4,25,3,Internal Location,CDG-R2F25N3,61,R2F25N3
marin.stock_location_1310,marin.company_lmmr,marin.stock_location_1147,marin.stock_storage_category_2,True,4,26,1,Internal Location,CDG-R2F26N1,59,R2F26N1
marin.stock_location_1311,marin.company_lmmr,marin.stock_location_1147,marin.stock_storage_category_3,True,4,26,2,Internal Location,CDG-R2F26N2,60,R2F26N2
marin.stock_location_1312,marin.company_lmmr,marin.stock_location_1147,marin.stock_storage_category_4,True,4,26,3,Internal Location,CDG-R2F26N3,61,R2F26N3
marin.stock_location_1313,marin.company_lmmr,marin.stock_location_1147,marin.stock_storage_category_2,True,4,27,1,Internal Location,CDG-R2F27N1,65,R2F27N1
marin.stock_location_1314,marin.company_lmmr,marin.stock_location_1147,marin.stock_storage_category_3,True,4,27,2,Internal Location,CDG-R2F27N2,66,R2F27N2
marin.stock_location_1315,marin.company_lmmr,marin.stock_location_1147,marin.stock_storage_category_4,True,4,27,3,Internal Location,CDG-R2F27N3,67,R2F27N3
marin.stock_location_1316,marin.company_lmmr,marin.stock_location_1147,marin.stock_storage_category_2,True,4,28,1,Internal Location,CDG-R2F28N1,65,R2F28N1
marin.stock_location_1317,marin.company_lmmr,marin.stock_location_1147,marin.stock_storage_category_3,True,4,28,2,Internal Location,CDG-R2F28N2,66,R2F28N2
marin.stock_location_1318,marin.company_lmmr,marin.stock_location_1147,marin.stock_storage_category_4,True,4,28,3,Internal Location,CDG-R2F28N3,67,R2F28N3
marin.stock_location_1319,marin.company_lmmr,marin.stock_location_1147,marin.stock_storage_category_2,True,4,29,1,Internal Location,CDG-R2F29N1,71,R2F29N1
marin.stock_location_1320,marin.company_lmmr,marin.stock_location_1147,marin.stock_storage_category_3,True,4,29,2,Internal Location,CDG-R2F29N2,72,R2F29N2
marin.stock_location_1321,marin.company_lmmr,marin.stock_location_1147,marin.stock_storage_category_4,True,4,29,3,Internal Location,CDG-R2F29N3,73,R2F29N3
marin.stock_location_1322,marin.company_lmmr,marin.stock_location_1147,marin.stock_storage_category_2,True,4,30,1,Internal Location,CDG-R2F30N1,71,R2F30N1
marin.stock_location_1323,marin.company_lmmr,marin.stock_location_1147,marin.stock_storage_category_3,True,4,30,2,Internal Location,CDG-R2F30N2,72,R2F30N2
marin.stock_location_1324,marin.company_lmmr,marin.stock_location_1147,marin.stock_storage_category_4,True,4,30,3,Internal Location,CDG-R2F30N3,73,R2F30N3
marin.stock_location_1325,marin.company_lmmr,marin.stock_location_1147,marin.stock_storage_category_2,True,4,31,1,Internal Location,CDG-R2F31N1,77,R2F31N1
marin.stock_location_1326,marin.company_lmmr,marin.stock_location_1147,marin.stock_storage_category_3,True,4,31,2,Internal Location,CDG-R2F31N2,78,R2F31N2
marin.stock_location_1327,marin.company_lmmr,marin.stock_location_1147,marin.stock_storage_category_4,True,4,31,3,Internal Location,CDG-R2F31N3,79,R2F31N3
marin.stock_location_1328,marin.company_lmmr,marin.stock_location_1147,marin.stock_storage_category_2,True,4,32,1,Internal Location,CDG-R2F32N1,77,R2F32N1
marin.stock_location_1329,marin.company_lmmr,marin.stock_location_1147,marin.stock_storage_category_3,True,4,32,2,Internal Location,CDG-R2F32N2,78,R2F32N2
marin.stock_location_1330,marin.company_lmmr,marin.stock_location_1147,marin.stock_storage_category_2,True,4,32,3,Internal Location,CDG-R2F32N3,79,R2F32N3
marin.stock_location_1331,marin.company_lmmr,marin.stock_location_1148,marin.stock_storage_category_2,True,5,8,1,Internal Location,CDG-R3F08N1,29,R3F08N1
marin.stock_location_1332,marin.company_lmmr,marin.stock_location_1148,marin.stock_storage_category_3,True,5,8,2,Internal Location,CDG-R3F08N2,29,R3F08N2
marin.stock_location_1333,marin.company_lmmr,marin.stock_location_1148,marin.stock_storage_category_4,True,5,8,3,Internal Location,CDG-R3F08N3,29,R3F08N3
marin.stock_location_1334,marin.company_lmmr,marin.stock_location_1148,marin.stock_storage_category_2,True,5,9,1,Internal Location,CDG-R3F09N1,29,R3F09N1
marin.stock_location_1335,marin.company_lmmr,marin.stock_location_1148,marin.stock_storage_category_3,True,5,9,2,Internal Location,CDG-R3F09N2,29,R3F09N2
marin.stock_location_1336,marin.company_lmmr,marin.stock_location_1148,marin.stock_storage_category_4,True,5,9,3,Internal Location,CDG-R3F09N3,29,R3F09N3
marin.stock_location_1337,marin.company_lmmr,marin.stock_location_1148,marin.stock_storage_category_2,True,5,10,1,Internal Location,CDG-R3F10N1,29,R3F10N1
marin.stock_location_1338,marin.company_lmmr,marin.stock_location_1148,marin.stock_storage_category_3,True,5,10,2,Internal Location,CDG-R3F10N2,29,R3F10N2
marin.stock_location_1339,marin.company_lmmr,marin.stock_location_1148,marin.stock_storage_category_4,True,5,10,3,Internal Location,CDG-R3F10N3,29,R3F10N3
marin.stock_location_1340,marin.company_lmmr,marin.stock_location_1148,marin.stock_storage_category_2,True,5,11,1,Internal Location,CDG-R3F11N1,29,R3F11N1
marin.stock_location_1341,marin.company_lmmr,marin.stock_location_1148,marin.stock_storage_category_3,True,5,11,2,Internal Location,CDG-R3F11N2,29,R3F11N2
marin.stock_location_1342,marin.company_lmmr,marin.stock_location_1148,marin.stock_storage_category_4,True,5,11,3,Internal Location,CDG-R3F11N3,29,R3F11N3
marin.stock_location_1343,marin.company_lmmr,marin.stock_location_1148,marin.stock_storage_category_2,True,5,12,1,Internal Location,CDG-R3F12N1,29,R3F12N1
marin.stock_location_1344,marin.company_lmmr,marin.stock_location_1148,marin.stock_storage_category_3,True,5,12,2,Internal Location,CDG-R3F12N2,29,R3F12N2
marin.stock_location_1345,marin.company_lmmr,marin.stock_location_1148,marin.stock_storage_category_4,True,5,12,3,Internal Location,CDG-R3F12N3,29,R3F12N3
marin.stock_location_1346,marin.company_lmmr,marin.stock_location_1148,marin.stock_storage_category_2,True,5,13,1,Internal Location,CDG-R3F13N1,29,R3F13N1
marin.stock_location_1347,marin.company_lmmr,marin.stock_location_1148,marin.stock_storage_category_3,True,5,13,2,Internal Location,CDG-R3F13N2,30,R3F13N2
marin.stock_location_1348,marin.company_lmmr,marin.stock_location_1148,marin.stock_storage_category_4,True,5,13,3,Internal Location,CDG-R3F13N3,31,R3F13N3
marin.stock_location_1349,marin.company_lmmr,marin.stock_location_1148,marin.stock_storage_category_2,True,5,14,1,Internal Location,CDG-R3F14N1,29,R3F14N1
marin.stock_location_1350,marin.company_lmmr,marin.stock_location_1148,marin.stock_storage_category_3,True,5,14,2,Internal Location,CDG-R3F14N2,30,R3F14N2
marin.stock_location_1351,marin.company_lmmr,marin.stock_location_1148,marin.stock_storage_category_4,True,5,14,3,Internal Location,CDG-R3F14N3,31,R3F14N3
marin.stock_location_1352,marin.company_lmmr,marin.stock_location_1148,marin.stock_storage_category_2,True,5,15,1,Internal Location,CDG-R3F15N1,32,R3F15N1
marin.stock_location_1353,marin.company_lmmr,marin.stock_location_1148,marin.stock_storage_category_3,True,5,15,2,Internal Location,CDG-R3F15N2,33,R3F15N2
marin.stock_location_1354,marin.company_lmmr,marin.stock_location_1148,marin.stock_storage_category_4,True,5,15,3,Internal Location,CDG-R3F15N3,34,R3F15N3
marin.stock_location_1355,marin.company_lmmr,marin.stock_location_1148,marin.stock_storage_category_2,True,5,16,1,Internal Location,CDG-R3F16N1,32,R3F16N1
marin.stock_location_1356,marin.company_lmmr,marin.stock_location_1148,marin.stock_storage_category_3,True,5,16,2,Internal Location,CDG-R3F16N2,33,R3F16N2
marin.stock_location_1357,marin.company_lmmr,marin.stock_location_1148,marin.stock_storage_category_4,True,5,16,3,Internal Location,CDG-R3F16N3,34,R3F16N3
marin.stock_location_1358,marin.company_lmmr,marin.stock_location_1148,marin.stock_storage_category_2,True,5,17,1,Internal Location,CDG-R3F17N1,35,R3F17N1
marin.stock_location_1359,marin.company_lmmr,marin.stock_location_1148,marin.stock_storage_category_3,True,5,17,2,Internal Location,CDG-R3F17N2,36,R3F17N2
marin.stock_location_1360,marin.company_lmmr,marin.stock_location_1148,marin.stock_storage_category_4,True,5,17,3,Internal Location,CDG-R3F17N3,37,R3F17N3
marin.stock_location_1361,marin.company_lmmr,marin.stock_location_1148,marin.stock_storage_category_2,True,5,18,1,Internal Location,CDG-R3F18N1,35,R3F18N1
marin.stock_location_1362,marin.company_lmmr,marin.stock_location_1148,marin.stock_storage_category_3,True,5,18,2,Internal Location,CDG-R3F18N2,36,R3F18N2
marin.stock_location_1363,marin.company_lmmr,marin.stock_location_1148,marin.stock_storage_category_4,True,5,18,3,Internal Location,CDG-R3F18N3,37,R3F18N3
marin.stock_location_1364,marin.company_lmmr,marin.stock_location_1148,marin.stock_storage_category_2,True,5,19,1,Internal Location,CDG-R3F19N1,131,R3F19N1
marin.stock_location_1365,marin.company_lmmr,marin.stock_location_1148,marin.stock_storage_category_3,True,5,19,2,Internal Location,CDG-R3F19N2,132,R3F19N2
marin.stock_location_1366,marin.company_lmmr,marin.stock_location_1148,marin.stock_storage_category_4,True,5,19,3,Internal Location,CDG-R3F19N3,133,R3F19N3
marin.stock_location_1367,marin.company_lmmr,marin.stock_location_1148,marin.stock_storage_category_2,True,5,20,1,Internal Location,CDG-R3F20N1,131,R3F20N1
marin.stock_location_1368,marin.company_lmmr,marin.stock_location_1148,marin.stock_storage_category_3,True,5,20,2,Internal Location,CDG-R3F20N2,132,R3F20N2
marin.stock_location_1369,marin.company_lmmr,marin.stock_location_1148,marin.stock_storage_category_4,True,5,20,3,Internal Location,CDG-R3F20N3,133,R3F20N3
marin.stock_location_1370,marin.company_lmmr,marin.stock_location_1148,marin.stock_storage_category_2,True,5,21,1,Internal Location,CDG-R3F21N1,125,R3F21N1
marin.stock_location_1371,marin.company_lmmr,marin.stock_location_1148,marin.stock_storage_category_3,True,5,21,2,Internal Location,CDG-R3F21N2,126,R3F21N2
marin.stock_location_1372,marin.company_lmmr,marin.stock_location_1148,marin.stock_storage_category_4,True,5,21,3,Internal Location,CDG-R3F21N3,127,R3F21N3
marin.stock_location_1373,marin.company_lmmr,marin.stock_location_1148,marin.stock_storage_category_2,True,5,22,1,Internal Location,CDG-R3F22N1,125,R3F22N1
marin.stock_location_1374,marin.company_lmmr,marin.stock_location_1148,marin.stock_storage_category_3,True,5,22,2,Internal Location,CDG-R3F22N2,126,R3F22N2
marin.stock_location_1375,marin.company_lmmr,marin.stock_location_1148,marin.stock_storage_category_4,True,5,22,3,Internal Location,CDG-R3F22N3,127,R3F22N3
marin.stock_location_1376,marin.company_lmmr,marin.stock_location_1148,marin.stock_storage_category_2,True,5,23,1,Internal Location,CDG-R3F23N1,119,R3F23N1
marin.stock_location_1377,marin.company_lmmr,marin.stock_location_1148,marin.stock_storage_category_3,True,5,23,2,Internal Location,CDG-R3F23N2,120,R3F23N2
marin.stock_location_1378,marin.company_lmmr,marin.stock_location_1148,marin.stock_storage_category_4,True,5,23,3,Internal Location,CDG-R3F23N3,121,R3F23N3
marin.stock_location_1379,marin.company_lmmr,marin.stock_location_1148,marin.stock_storage_category_2,True,5,24,1,Internal Location,CDG-R3F24N1,119,R3F24N1
marin.stock_location_1380,marin.company_lmmr,marin.stock_location_1148,marin.stock_storage_category_3,True,5,24,2,Internal Location,CDG-R3F24N2,120,R3F24N2
marin.stock_location_1381,marin.company_lmmr,marin.stock_location_1148,marin.stock_storage_category_4,True,5,24,3,Internal Location,CDG-R3F24N3,121,R3F24N3
marin.stock_location_1382,marin.company_lmmr,marin.stock_location_1148,marin.stock_storage_category_2,True,5,25,1,Internal Location,CDG-R3F25N1,113,R3F25N1
marin.stock_location_1383,marin.company_lmmr,marin.stock_location_1148,marin.stock_storage_category_3,True,5,25,2,Internal Location,CDG-R3F25N2,114,R3F25N2
marin.stock_location_1384,marin.company_lmmr,marin.stock_location_1148,marin.stock_storage_category_4,True,5,25,3,Internal Location,CDG-R3F25N3,115,R3F25N3
marin.stock_location_1385,marin.company_lmmr,marin.stock_location_1148,marin.stock_storage_category_2,True,5,26,1,Internal Location,CDG-R3F26N1,113,R3F26N1
marin.stock_location_1386,marin.company_lmmr,marin.stock_location_1148,marin.stock_storage_category_3,True,5,26,2,Internal Location,CDG-R3F26N2,114,R3F26N2
marin.stock_location_1387,marin.company_lmmr,marin.stock_location_1148,marin.stock_storage_category_4,True,5,26,3,Internal Location,CDG-R3F26N3,115,R3F26N3
marin.stock_location_1388,marin.company_lmmr,marin.stock_location_1148,marin.stock_storage_category_2,True,5,27,1,Internal Location,CDG-R3F27N1,107,R3F27N1
marin.stock_location_1389,marin.company_lmmr,marin.stock_location_1148,marin.stock_storage_category_3,True,5,27,2,Internal Location,CDG-R3F27N2,108,R3F27N2
marin.stock_location_1390,marin.company_lmmr,marin.stock_location_1148,marin.stock_storage_category_4,True,5,27,3,Internal Location,CDG-R3F27N3,109,R3F27N3
marin.stock_location_1391,marin.company_lmmr,marin.stock_location_1148,marin.stock_storage_category_2,True,5,28,1,Internal Location,CDG-R3F28N1,107,R3F28N1
marin.stock_location_1392,marin.company_lmmr,marin.stock_location_1148,marin.stock_storage_category_3,True,5,28,2,Internal Location,CDG-R3F28N2,108,R3F28N2
marin.stock_location_1393,marin.company_lmmr,marin.stock_location_1148,marin.stock_storage_category_4,True,5,28,3,Internal Location,CDG-R3F28N3,109,R3F28N3
marin.stock_location_1394,marin.company_lmmr,marin.stock_location_1148,marin.stock_storage_category_2,True,5,29,1,Internal Location,CDG-R3F29N1,101,R3F29N1
marin.stock_location_1395,marin.company_lmmr,marin.stock_location_1148,marin.stock_storage_category_3,True,5,29,2,Internal Location,CDG-R3F29N2,102,R3F29N2
marin.stock_location_1396,marin.company_lmmr,marin.stock_location_1148,marin.stock_storage_category_4,True,5,29,3,Internal Location,CDG-R3F29N3,103,R3F29N3
marin.stock_location_1397,marin.company_lmmr,marin.stock_location_1148,marin.stock_storage_category_2,True,5,30,1,Internal Location,CDG-R3F30N1,101,R3F30N1
marin.stock_location_1398,marin.company_lmmr,marin.stock_location_1148,marin.stock_storage_category_3,True,5,30,2,Internal Location,CDG-R3F30N2,102,R3F30N2
marin.stock_location_1399,marin.company_lmmr,marin.stock_location_1148,marin.stock_storage_category_4,True,5,30,3,Internal Location,CDG-R3F30N3,103,R3F30N3
marin.stock_location_1400,marin.company_lmmr,marin.stock_location_1148,marin.stock_storage_category_2,True,5,31,1,Internal Location,CDG-R3F31N1,95,R3F31N1
marin.stock_location_1401,marin.company_lmmr,marin.stock_location_1148,marin.stock_storage_category_3,True,5,31,2,Internal Location,CDG-R3F31N2,96,R3F31N2
marin.stock_location_1402,marin.company_lmmr,marin.stock_location_1148,marin.stock_storage_category_4,True,5,31,3,Internal Location,CDG-R3F31N3,97,R3F31N3
marin.stock_location_1403,marin.company_lmmr,marin.stock_location_1148,marin.stock_storage_category_2,True,5,32,1,Internal Location,CDG-R3F32N1,95,R3F32N1
marin.stock_location_1404,marin.company_lmmr,marin.stock_location_1148,marin.stock_storage_category_3,True,5,32,2,Internal Location,CDG-R3F32N2,96,R3F32N2
marin.stock_location_1405,marin.company_lmmr,marin.stock_location_1148,marin.stock_storage_category_4,True,5,32,3,Internal Location,CDG-R3F32N3,97,R3F32N3
marin.stock_location_1406,marin.company_lmmr,marin.stock_location_1149,marin.stock_storage_category_2,True,8,5,1,Internal Location,CDG-R4F05N1,10,R4F05N1
marin.stock_location_1407,marin.company_lmmr,marin.stock_location_1149,marin.stock_storage_category_5,True,8,5,2,Internal Location,CDG-R4F05N2,10,R4F05N2
marin.stock_location_1408,marin.company_lmmr,marin.stock_location_1149,marin.stock_storage_category_6,True,8,5,3,Internal Location,CDG-R4F05N3,10,R4F05N3
marin.stock_location_1409,marin.company_lmmr,marin.stock_location_1149,marin.stock_storage_category_2,True,8,6,1,Internal Location,CDG-R4F06N1,10,R4F06N1
marin.stock_location_1410,marin.company_lmmr,marin.stock_location_1149,marin.stock_storage_category_5,True,8,6,2,Internal Location,CDG-R4F06N2,10,R4F06N2
marin.stock_location_1411,marin.company_lmmr,marin.stock_location_1149,marin.stock_storage_category_6,True,8,6,3,Internal Location,CDG-R4F06N3,10,R4F06N3
marin.stock_location_1412,marin.company_lmmr,marin.stock_location_1149,marin.stock_storage_category_2,True,8,7,1,Internal Location,CDG-R4F07N1,10,R4F07N1
marin.stock_location_1413,marin.company_lmmr,marin.stock_location_1149,marin.stock_storage_category_5,True,8,7,2,Internal Location,CDG-R4F07N2,10,R4F07N2
marin.stock_location_1414,marin.company_lmmr,marin.stock_location_1149,marin.stock_storage_category_6,True,8,7,3,Internal Location,CDG-R4F07N3,10,R4F07N3
marin.stock_location_1415,marin.company_lmmr,marin.stock_location_1149,marin.stock_storage_category_2,True,8,8,1,Internal Location,CDG-R4F08N1,29,R4F08N1
marin.stock_location_1416,marin.company_lmmr,marin.stock_location_1149,marin.stock_storage_category_3,True,8,8,2,Internal Location,CDG-R4F08N2,29,R4F08N2
marin.stock_location_1417,marin.company_lmmr,marin.stock_location_1149,marin.stock_storage_category_4,True,8,8,3,Internal Location,CDG-R4F08N3,29,R4F08N3
marin.stock_location_1418,marin.company_lmmr,marin.stock_location_1149,marin.stock_storage_category_2,True,8,9,1,Internal Location,CDG-R4F09N1,29,R4F09N1
marin.stock_location_1419,marin.company_lmmr,marin.stock_location_1149,marin.stock_storage_category_3,True,8,9,2,Internal Location,CDG-R4F09N2,29,R4F09N2
marin.stock_location_1420,marin.company_lmmr,marin.stock_location_1149,marin.stock_storage_category_4,True,8,9,3,Internal Location,CDG-R4F09N3,29,R4F09N3
marin.stock_location_1421,marin.company_lmmr,marin.stock_location_1149,marin.stock_storage_category_2,True,8,10,1,Internal Location,CDG-R4F10N1,29,R4F10N1
marin.stock_location_1422,marin.company_lmmr,marin.stock_location_1149,marin.stock_storage_category_3,True,8,10,2,Internal Location,CDG-R4F10N2,29,R4F10N2
marin.stock_location_1423,marin.company_lmmr,marin.stock_location_1149,marin.stock_storage_category_4,True,8,10,3,Internal Location,CDG-R4F10N3,29,R4F10N3
marin.stock_location_1424,marin.company_lmmr,marin.stock_location_1149,marin.stock_storage_category_2,True,8,11,1,Internal Location,CDG-R4F11N1,29,R4F11N1
marin.stock_location_1425,marin.company_lmmr,marin.stock_location_1149,marin.stock_storage_category_3,True,8,11,2,Internal Location,CDG-R4F11N2,29,R4F11N2
marin.stock_location_1426,marin.company_lmmr,marin.stock_location_1149,marin.stock_storage_category_4,True,8,11,3,Internal Location,CDG-R4F11N3,29,R4F11N3
marin.stock_location_1427,marin.company_lmmr,marin.stock_location_1149,marin.stock_storage_category_2,True,8,12,1,Internal Location,CDG-R4F12N1,29,R4F12N1
marin.stock_location_1428,marin.company_lmmr,marin.stock_location_1149,marin.stock_storage_category_3,True,8,12,2,Internal Location,CDG-R4F12N2,29,R4F12N2
marin.stock_location_1429,marin.company_lmmr,marin.stock_location_1149,marin.stock_storage_category_4,True,8,12,3,Internal Location,CDG-R4F12N3,29,R4F12N3
marin.stock_location_1430,marin.company_lmmr,marin.stock_location_1149,marin.stock_storage_category_2,True,8,13,1,Internal Location,CDG-R4F13N1,29,R4F13N1
marin.stock_location_1431,marin.company_lmmr,marin.stock_location_1149,marin.stock_storage_category_3,True,8,13,2,Internal Location,CDG-R4F13N2,30,R4F13N2
marin.stock_location_1432,marin.company_lmmr,marin.stock_location_1149,marin.stock_storage_category_4,True,8,13,3,Internal Location,CDG-R4F13N3,31,R4F13N3
marin.stock_location_1433,marin.company_lmmr,marin.stock_location_1149,marin.stock_storage_category_2,True,8,14,0,Internal Location,CDG-R4F14N0,30,R4F14N1
marin.stock_location_1434,marin.company_lmmr,marin.stock_location_1149,marin.stock_storage_category_3,True,8,14,2,Internal Location,CDG-R4F14N2,30,R4F14N2
marin.stock_location_1435,marin.company_lmmr,marin.stock_location_1149,marin.stock_storage_category_4,True,8,14,3,Internal Location,CDG-R4F14N3,31,R4F14N3
marin.stock_location_1436,marin.company_lmmr,marin.stock_location_1149,marin.stock_storage_category_2,True,8,15,1,Internal Location,CDG-R4F15N1,32,R4F15N1
marin.stock_location_1437,marin.company_lmmr,marin.stock_location_1149,marin.stock_storage_category_3,True,8,15,2,Internal Location,CDG-R4F15N2,33,R4F15N2
marin.stock_location_1438,marin.company_lmmr,marin.stock_location_1149,marin.stock_storage_category_4,True,8,15,3,Internal Location,CDG-R4F15N3,34,R4F15N3
marin.stock_location_1439,marin.company_lmmr,marin.stock_location_1149,marin.stock_storage_category_2,True,8,16,1,Internal Location,CDG-R4F16N1,32,R4F16N1
marin.stock_location_1440,marin.company_lmmr,marin.stock_location_1149,marin.stock_storage_category_3,True,8,16,2,Internal Location,CDG-R4F16N2,33,R4F16N2
marin.stock_location_1441,marin.company_lmmr,marin.stock_location_1149,marin.stock_storage_category_4,True,8,16,3,Internal Location,CDG-R4F16N3,34,R4F16N3
marin.stock_location_1442,marin.company_lmmr,marin.stock_location_1149,marin.stock_storage_category_2,True,8,17,1,Internal Location,CDG-R4F17N1,35,R4F17N1
marin.stock_location_1443,marin.company_lmmr,marin.stock_location_1149,marin.stock_storage_category_3,True,8,17,2,Internal Location,CDG-R4F17N2,36,R4F17N2
marin.stock_location_1444,marin.company_lmmr,marin.stock_location_1149,marin.stock_storage_category_4,True,8,17,3,Internal Location,CDG-R4F17N3,37,R4F17N3
marin.stock_location_1445,marin.company_lmmr,marin.stock_location_1149,marin.stock_storage_category_2,True,8,18,1,Internal Location,CDG-R4F18N1,35,R4F18N1
marin.stock_location_1446,marin.company_lmmr,marin.stock_location_1149,marin.stock_storage_category_3,True,8,18,2,Internal Location,CDG-R4F18N2,36,R4F18N2
marin.stock_location_1447,marin.company_lmmr,marin.stock_location_1149,marin.stock_storage_category_4,True,8,18,3,Internal Location,CDG-R4F18N3,37,R4F18N3
marin.stock_location_1448,marin.company_lmmr,marin.stock_location_1149,marin.stock_storage_category_2,True,8,19,1,Internal Location,CDG-R4F19N1,134,R4F19N1
marin.stock_location_1449,marin.company_lmmr,marin.stock_location_1149,marin.stock_storage_category_3,True,8,19,2,Internal Location,CDG-R4F19N2,135,R4F19N2
marin.stock_location_1450,marin.company_lmmr,marin.stock_location_1149,marin.stock_storage_category_4,True,8,19,3,Internal Location,CDG-R4F19N3,136,R4F19N3
marin.stock_location_1451,marin.company_lmmr,marin.stock_location_1149,marin.stock_storage_category_2,True,8,20,1,Internal Location,CDG-R4F20N1,134,R4F20N1
marin.stock_location_1452,marin.company_lmmr,marin.stock_location_1149,marin.stock_storage_category_3,True,8,20,2,Internal Location,CDG-R4F20N2,135,R4F20N2
marin.stock_location_1453,marin.company_lmmr,marin.stock_location_1149,marin.stock_storage_category_4,True,8,20,3,Internal Location,CDG-R4F20N3,136,R4F20N3
marin.stock_location_1454,marin.company_lmmr,marin.stock_location_1149,marin.stock_storage_category_2,True,8,21,1,Internal Location,CDG-R4F21N1,128,R4F21N1
marin.stock_location_1455,marin.company_lmmr,marin.stock_location_1149,marin.stock_storage_category_3,True,8,21,2,Internal Location,CDG-R4F21N2,129,R4F21N2
marin.stock_location_1456,marin.company_lmmr,marin.stock_location_1149,marin.stock_storage_category_4,True,8,21,3,Internal Location,CDG-R4F21N3,130,R4F21N3
marin.stock_location_1457,marin.company_lmmr,marin.stock_location_1149,marin.stock_storage_category_2,True,8,22,1,Internal Location,CDG-R4F22N1,128,R4F22N1
marin.stock_location_1458,marin.company_lmmr,marin.stock_location_1149,marin.stock_storage_category_3,True,8,22,2,Internal Location,CDG-R4F22N2,129,R4F22N2
marin.stock_location_1459,marin.company_lmmr,marin.stock_location_1149,marin.stock_storage_category_4,True,8,22,3,Internal Location,CDG-R4F22N3,130,R4F22N3
marin.stock_location_1460,marin.company_lmmr,marin.stock_location_1149,marin.stock_storage_category_2,True,8,23,1,Internal Location,CDG-R4F23N1,122,R4F23N1
marin.stock_location_1461,marin.company_lmmr,marin.stock_location_1149,marin.stock_storage_category_3,True,8,23,2,Internal Location,CDG-R4F23N2,123,R4F23N2
marin.stock_location_1462,marin.company_lmmr,marin.stock_location_1149,marin.stock_storage_category_4,True,8,23,3,Internal Location,CDG-R4F23N3,124,R4F23N3
marin.stock_location_1463,marin.company_lmmr,marin.stock_location_1149,marin.stock_storage_category_2,True,8,24,1,Internal Location,CDG-R4F24N1,122,R4F24N1
marin.stock_location_1464,marin.company_lmmr,marin.stock_location_1149,marin.stock_storage_category_3,True,8,24,2,Internal Location,CDG-R4F24N2,123,R4F24N2
marin.stock_location_1465,marin.company_lmmr,marin.stock_location_1149,marin.stock_storage_category_4,True,8,24,3,Internal Location,CDG-R4F24N3,124,R4F24N3
marin.stock_location_1466,marin.company_lmmr,marin.stock_location_1149,marin.stock_storage_category_2,True,8,25,1,Internal Location,CDG-R4F25N1,116,R4F25N1
marin.stock_location_1467,marin.company_lmmr,marin.stock_location_1149,marin.stock_storage_category_3,True,8,25,2,Internal Location,CDG-R4F25N2,117,R4F25N2
marin.stock_location_1468,marin.company_lmmr,marin.stock_location_1149,marin.stock_storage_category_4,True,8,25,3,Internal Location,CDG-R4F25N3,118,R4F25N3
marin.stock_location_1469,marin.company_lmmr,marin.stock_location_1149,marin.stock_storage_category_2,True,8,26,1,Internal Location,CDG-R4F26N1,116,R4F26N1
marin.stock_location_1470,marin.company_lmmr,marin.stock_location_1149,marin.stock_storage_category_3,True,8,26,2,Internal Location,CDG-R4F26N2,117,R4F26N2
marin.stock_location_1471,marin.company_lmmr,marin.stock_location_1149,marin.stock_storage_category_4,True,8,26,3,Internal Location,CDG-R4F26N3,118,R4F26N3
marin.stock_location_1472,marin.company_lmmr,marin.stock_location_1149,marin.stock_storage_category_2,True,8,27,1,Internal Location,CDG-R4F27N1,110,R4F27N1
marin.stock_location_1473,marin.company_lmmr,marin.stock_location_1149,marin.stock_storage_category_3,True,8,27,2,Internal Location,CDG-R4F27N2,111,R4F27N2
marin.stock_location_1474,marin.company_lmmr,marin.stock_location_1149,marin.stock_storage_category_4,True,8,27,3,Internal Location,CDG-R4F27N3,112,R4F27N3
marin.stock_location_1475,marin.company_lmmr,marin.stock_location_1149,marin.stock_storage_category_2,True,8,28,1,Internal Location,CDG-R4F28N1,110,R4F28N1
marin.stock_location_1476,marin.company_lmmr,marin.stock_location_1149,marin.stock_storage_category_3,True,8,28,2,Internal Location,CDG-R4F28N2,111,R4F28N2
marin.stock_location_1477,marin.company_lmmr,marin.stock_location_1149,marin.stock_storage_category_4,True,8,28,3,Internal Location,CDG-R4F28N3,112,R4F28N3
marin.stock_location_1478,marin.company_lmmr,marin.stock_location_1149,marin.stock_storage_category_2,True,8,29,1,Internal Location,CDG-R4F29N1,104,R4F29N1
marin.stock_location_1479,marin.company_lmmr,marin.stock_location_1149,marin.stock_storage_category_3,True,8,29,2,Internal Location,CDG-R4F29N2,105,R4F29N2
marin.stock_location_1480,marin.company_lmmr,marin.stock_location_1149,marin.stock_storage_category_4,True,8,29,3,Internal Location,CDG-R4F29N3,106,R4F29N3
marin.stock_location_1481,marin.company_lmmr,marin.stock_location_1149,marin.stock_storage_category_2,True,8,30,1,Internal Location,CDG-R4F30N1,104,R4F30N1
marin.stock_location_1482,marin.company_lmmr,marin.stock_location_1149,marin.stock_storage_category_3,True,8,30,2,Internal Location,CDG-R4F30N2,105,R4F30N2
marin.stock_location_1483,marin.company_lmmr,marin.stock_location_1149,marin.stock_storage_category_4,True,8,30,3,Internal Location,CDG-R4F30N3,106,R4F30N3
marin.stock_location_1484,marin.company_lmmr,marin.stock_location_1149,marin.stock_storage_category_2,True,8,31,1,Internal Location,CDG-R4F31N1,98,R4F31N1
marin.stock_location_1485,marin.company_lmmr,marin.stock_location_1149,marin.stock_storage_category_3,True,8,31,2,Internal Location,CDG-R4F31N2,99,R4F31N2
marin.stock_location_1486,marin.company_lmmr,marin.stock_location_1149,marin.stock_storage_category_4,True,8,31,3,Internal Location,CDG-R4F31N3,100,R4F31N3
marin.stock_location_1487,marin.company_lmmr,marin.stock_location_1149,marin.stock_storage_category_2,True,8,32,1,Internal Location,CDG-R4F32N1,98,R4F32N1
marin.stock_location_1488,marin.company_lmmr,marin.stock_location_1149,marin.stock_storage_category_3,True,8,32,2,Internal Location,CDG-R4F32N2,99,R4F32N2
marin.stock_location_1489,marin.company_lmmr,marin.stock_location_1149,marin.stock_storage_category_4,True,8,32,3,Internal Location,CDG-R4F32N3,100,R4F32N3
marin.stock_location_1490,marin.company_lmmr,marin.stock_location_1150,marin.stock_storage_category_2,True,0,5,1,Internal Location,CDG-R5F05N1,10,R5F05N1
marin.stock_location_1491,marin.company_lmmr,marin.stock_location_1150,marin.stock_storage_category_5,True,0,5,2,Internal Location,CDG-R5F05N2,10,R5F05N2
marin.stock_location_1492,marin.company_lmmr,marin.stock_location_1150,marin.stock_storage_category_6,True,0,5,3,Internal Location,CDG-R5F05N3,10,R5F05N3
marin.stock_location_1493,marin.company_lmmr,marin.stock_location_1150,marin.stock_storage_category_2,True,0,6,1,Internal Location,CDG-R5F06N1,10,R5F06N1
marin.stock_location_1494,marin.company_lmmr,marin.stock_location_1150,marin.stock_storage_category_5,True,0,6,2,Internal Location,CDG-R5F06N2,10,R5F06N2
marin.stock_location_1495,marin.company_lmmr,marin.stock_location_1150,marin.stock_storage_category_6,True,0,6,3,Internal Location,CDG-R5F06N3,10,R5F06N3
marin.stock_location_1496,marin.company_lmmr,marin.stock_location_1150,marin.stock_storage_category_2,True,0,7,1,Internal Location,CDG-R5F07N1,10,R5F07N1
marin.stock_location_1497,marin.company_lmmr,marin.stock_location_1150,marin.stock_storage_category_5,True,0,7,2,Internal Location,CDG-R5F07N2,10,R5F07N2
marin.stock_location_1498,marin.company_lmmr,marin.stock_location_1150,marin.stock_storage_category_6,True,0,7,3,Internal Location,CDG-R5F07N3,10,R5F07N3
marin.stock_location_1499,marin.company_lmmr,marin.stock_location_1150,marin.stock_storage_category_2,True,9,8,1,Internal Location,CDG-R5F08N1,199,R5F08N1
marin.stock_location_1500,marin.company_lmmr,marin.stock_location_1150,marin.stock_storage_category_3,True,9,8,2,Internal Location,CDG-R5F08N2,199,R5F08N2
marin.stock_location_1501,marin.company_lmmr,marin.stock_location_1150,marin.stock_storage_category_4,True,9,8,3,Internal Location,CDG-R5F08N3,199,R5F08N3
marin.stock_location_1502,marin.company_lmmr,marin.stock_location_1150,marin.stock_storage_category_2,True,9,9,1,Internal Location,CDG-R5F09N1,199,R5F09N1
marin.stock_location_1503,marin.company_lmmr,marin.stock_location_1150,marin.stock_storage_category_3,True,9,9,2,Internal Location,CDG-R5F09N2,199,R5F09N2
marin.stock_location_1504,marin.company_lmmr,marin.stock_location_1150,marin.stock_storage_category_4,True,9,9,3,Internal Location,CDG-R5F09N3,199,R5F09N3
marin.stock_location_1505,marin.company_lmmr,marin.stock_location_1150,marin.stock_storage_category_2,True,9,10,1,Internal Location,CDG-R5F10N1,199,R5F10N1
marin.stock_location_1506,marin.company_lmmr,marin.stock_location_1150,marin.stock_storage_category_3,True,9,10,2,Internal Location,CDG-R5F10N2,199,R5F10N2
marin.stock_location_1507,marin.company_lmmr,marin.stock_location_1150,marin.stock_storage_category_4,True,9,10,3,Internal Location,CDG-R5F10N3,199,R5F10N3
marin.stock_location_1508,marin.company_lmmr,marin.stock_location_1150,marin.stock_storage_category_2,True,9,11,1,Internal Location,CDG-R5F11N1,199,R5F11N1
marin.stock_location_1509,marin.company_lmmr,marin.stock_location_1150,marin.stock_storage_category_3,True,9,11,2,Internal Location,CDG-R5F11N2,199,R5F11N2
marin.stock_location_1510,marin.company_lmmr,marin.stock_location_1150,marin.stock_storage_category_4,True,9,11,3,Internal Location,CDG-R5F11N3,199,R5F11N3
marin.stock_location_1511,marin.company_lmmr,marin.stock_location_1150,marin.stock_storage_category_2,True,9,12,1,Internal Location,CDG-R5F12N1,199,R5F12N1
marin.stock_location_1512,marin.company_lmmr,marin.stock_location_1150,marin.stock_storage_category_3,True,9,12,2,Internal Location,CDG-R5F12N2,199,R5F12N2
marin.stock_location_1513,marin.company_lmmr,marin.stock_location_1150,marin.stock_storage_category_4,True,9,12,3,Internal Location,CDG-R5F12N3,199,R5F12N3
marin.stock_location_1514,marin.company_lmmr,marin.stock_location_1150,marin.stock_storage_category_2,True,9,13,1,Internal Location,CDG-R5F13N1,199,R5F13N1
marin.stock_location_1515,marin.company_lmmr,marin.stock_location_1150,marin.stock_storage_category_3,True,9,13,2,Internal Location,CDG-R5F13N2,30,R5F13N2
marin.stock_location_1516,marin.company_lmmr,marin.stock_location_1150,marin.stock_storage_category_4,True,9,13,3,Internal Location,CDG-R5F13N3,31,R5F13N3
marin.stock_location_1517,marin.company_lmmr,marin.stock_location_1150,marin.stock_storage_category_2,True,9,14,1,Internal Location,CDG-R5F14N1,29,R5F14N1
marin.stock_location_1518,marin.company_lmmr,marin.stock_location_1150,marin.stock_storage_category_3,True,9,14,2,Internal Location,CDG-R5F14N2,30,R5F14N2
marin.stock_location_1519,marin.company_lmmr,marin.stock_location_1150,marin.stock_storage_category_4,True,9,14,3,Internal Location,CDG-R5F14N3,31,R5F14N3
marin.stock_location_1520,marin.company_lmmr,marin.stock_location_1150,marin.stock_storage_category_2,True,9,15,1,Internal Location,CDG-R5F15N1,32,R5F15N1
marin.stock_location_1521,marin.company_lmmr,marin.stock_location_1150,marin.stock_storage_category_3,True,9,15,2,Internal Location,CDG-R5F15N2,33,R5F15N2
marin.stock_location_1522,marin.company_lmmr,marin.stock_location_1150,marin.stock_storage_category_4,True,9,15,3,Internal Location,CDG-R5F15N3,34,R5F15N3
marin.stock_location_1523,marin.company_lmmr,marin.stock_location_1150,marin.stock_storage_category_2,True,9,16,1,Internal Location,CDG-R5F16N1,32,R5F16N1
marin.stock_location_1524,marin.company_lmmr,marin.stock_location_1150,marin.stock_storage_category_3,True,9,16,2,Internal Location,CDG-R5F16N2,33,R5F16N2
marin.stock_location_1525,marin.company_lmmr,marin.stock_location_1150,marin.stock_storage_category_4,True,9,16,3,Internal Location,CDG-R5F16N3,34,R5F16N3
marin.stock_location_1526,marin.company_lmmr,marin.stock_location_1150,marin.stock_storage_category_2,True,9,17,1,Internal Location,CDG-R5F17N1,35,R5F17N1
marin.stock_location_1527,marin.company_lmmr,marin.stock_location_1150,marin.stock_storage_category_3,True,9,17,2,Internal Location,CDG-R5F17N2,36,R5F17N2
marin.stock_location_1528,marin.company_lmmr,marin.stock_location_1150,marin.stock_storage_category_4,True,9,17,3,Internal Location,CDG-R5F17N3,37,R5F17N3
marin.stock_location_1529,marin.company_lmmr,marin.stock_location_1150,marin.stock_storage_category_2,True,9,18,1,Internal Location,CDG-R5F18N1,35,R5F18N1
marin.stock_location_1530,marin.company_lmmr,marin.stock_location_1150,marin.stock_storage_category_3,True,9,18,2,Internal Location,CDG-R5F18N2,36,R5F18N2
marin.stock_location_1531,marin.company_lmmr,marin.stock_location_1150,marin.stock_storage_category_4,True,9,18,3,Internal Location,CDG-R5F18N3,37,R5F18N3
marin.stock_location_1532,marin.company_lmmr,marin.stock_location_1150,marin.stock_storage_category_2,True,9,19,1,Internal Location,CDG-R5F19N1,187,R5F19N1
marin.stock_location_1533,marin.company_lmmr,marin.stock_location_1150,marin.stock_storage_category_3,True,9,19,2,Internal Location,CDG-R5F19N2,188,R5F19N2
marin.stock_location_1534,marin.company_lmmr,marin.stock_location_1150,marin.stock_storage_category_4,True,9,19,3,Internal Location,CDG-R5F19N3,189,R5F19N3
marin.stock_location_1535,marin.company_lmmr,marin.stock_location_1150,marin.stock_storage_category_2,True,9,20,1,Internal Location,CDG-R5F20N1,187,R5F20N1
marin.stock_location_1536,marin.company_lmmr,marin.stock_location_1150,marin.stock_storage_category_3,True,9,20,2,Internal Location,CDG-R5F20N2,188,R5F20N2
marin.stock_location_1537,marin.company_lmmr,marin.stock_location_1150,marin.stock_storage_category_4,True,9,20,3,Internal Location,CDG-R5F20N3,189,R5F20N3
marin.stock_location_1538,marin.company_lmmr,marin.stock_location_1150,marin.stock_storage_category_2,True,9,21,1,Internal Location,CDG-R5F21N1,181,R5F21N1
marin.stock_location_1539,marin.company_lmmr,marin.stock_location_1150,marin.stock_storage_category_3,True,9,21,2,Internal Location,CDG-R5F21N2,182,R5F21N2
marin.stock_location_1540,marin.company_lmmr,marin.stock_location_1150,marin.stock_storage_category_4,True,9,21,3,Internal Location,CDG-R5F21N3,183,R5F21N3
marin.stock_location_1541,marin.company_lmmr,marin.stock_location_1150,marin.stock_storage_category_2,True,9,22,1,Internal Location,CDG-R5F22N1,181,R5F22N1
marin.stock_location_1542,marin.company_lmmr,marin.stock_location_1150,marin.stock_storage_category_3,True,9,22,2,Internal Location,CDG-R5F22N2,182,R5F22N2
marin.stock_location_1543,marin.company_lmmr,marin.stock_location_1150,marin.stock_storage_category_4,True,9,22,3,Internal Location,CDG-R5F22N3,183,R5F22N3
marin.stock_location_1544,marin.company_lmmr,marin.stock_location_1150,marin.stock_storage_category_2,True,9,23,1,Internal Location,CDG-R5F23N1,175,R5F23N1
marin.stock_location_1545,marin.company_lmmr,marin.stock_location_1150,marin.stock_storage_category_3,True,9,23,2,Internal Location,CDG-R5F23N2,176,R5F23N2
marin.stock_location_1546,marin.company_lmmr,marin.stock_location_1150,marin.stock_storage_category_4,True,9,23,3,Internal Location,CDG-R5F23N3,177,R5F23N3
marin.stock_location_1547,marin.company_lmmr,marin.stock_location_1150,marin.stock_storage_category_2,True,9,24,1,Internal Location,CDG-R5F24N1,175,R5F24N1
marin.stock_location_1548,marin.company_lmmr,marin.stock_location_1150,marin.stock_storage_category_3,True,9,24,2,Internal Location,CDG-R5F24N2,176,R5F24N2
marin.stock_location_1549,marin.company_lmmr,marin.stock_location_1150,marin.stock_storage_category_4,True,9,24,3,Internal Location,CDG-R5F24N3,177,R5F24N3
marin.stock_location_1550,marin.company_lmmr,marin.stock_location_1150,marin.stock_storage_category_2,True,9,25,1,Internal Location,CDG-R5F25N1,169,R5F25N1
marin.stock_location_1551,marin.company_lmmr,marin.stock_location_1150,marin.stock_storage_category_3,True,9,25,2,Internal Location,CDG-R5F25N2,170,R5F25N2
marin.stock_location_1552,marin.company_lmmr,marin.stock_location_1150,marin.stock_storage_category_4,True,9,25,3,Internal Location,CDG-R5F25N3,171,R5F25N3
marin.stock_location_1553,marin.company_lmmr,marin.stock_location_1150,marin.stock_storage_category_2,True,9,26,1,Internal Location,CDG-R5F26N1,169,R5F26N1
marin.stock_location_1554,marin.company_lmmr,marin.stock_location_1150,marin.stock_storage_category_3,True,9,26,2,Internal Location,CDG-R5F26N2,170,R5F26N2
marin.stock_location_1555,marin.company_lmmr,marin.stock_location_1150,marin.stock_storage_category_4,True,9,26,3,Internal Location,CDG-R5F26N3,171,R5F26N3
marin.stock_location_1556,marin.company_lmmr,marin.stock_location_1150,marin.stock_storage_category_2,True,9,27,1,Internal Location,CDG-R5F27N1,163,R5F27N1
marin.stock_location_1557,marin.company_lmmr,marin.stock_location_1150,marin.stock_storage_category_3,True,9,27,2,Internal Location,CDG-R5F27N2,164,R5F27N2
marin.stock_location_1558,marin.company_lmmr,marin.stock_location_1150,marin.stock_storage_category_4,True,9,27,3,Internal Location,CDG-R5F27N3,165,R5F27N3
marin.stock_location_1559,marin.company_lmmr,marin.stock_location_1150,marin.stock_storage_category_2,True,9,28,1,Internal Location,CDG-R5F28N1,163,R5F28N1
marin.stock_location_1560,marin.company_lmmr,marin.stock_location_1150,marin.stock_storage_category_3,True,9,28,2,Internal Location,CDG-R5F28N2,164,R5F28N2
marin.stock_location_1561,marin.company_lmmr,marin.stock_location_1150,marin.stock_storage_category_4,True,9,28,3,Internal Location,CDG-R5F28N3,165,R5F28N3
marin.stock_location_1562,marin.company_lmmr,marin.stock_location_1150,marin.stock_storage_category_2,True,9,29,1,Internal Location,CDG-R5F29N1,157,R5F29N1
marin.stock_location_1563,marin.company_lmmr,marin.stock_location_1150,marin.stock_storage_category_3,True,9,29,2,Internal Location,CDG-R5F29N2,158,R5F29N2
marin.stock_location_1564,marin.company_lmmr,marin.stock_location_1150,marin.stock_storage_category_4,True,9,29,3,Internal Location,CDG-R5F29N3,159,R5F29N3
marin.stock_location_1565,marin.company_lmmr,marin.stock_location_1150,marin.stock_storage_category_2,True,9,30,1,Internal Location,CDG-R5F30N1,157,R5F30N1
marin.stock_location_1566,marin.company_lmmr,marin.stock_location_1150,marin.stock_storage_category_3,True,9,30,2,Internal Location,CDG-R5F30N2,158,R5F30N2
marin.stock_location_1567,marin.company_lmmr,marin.stock_location_1150,marin.stock_storage_category_4,True,9,30,3,Internal Location,CDG-R5F30N3,159,R5F30N3
marin.stock_location_1568,marin.company_lmmr,marin.stock_location_1150,marin.stock_storage_category_2,True,9,31,1,Internal Location,CDG-R5F31N1,151,R5F31N1
marin.stock_location_1569,marin.company_lmmr,marin.stock_location_1150,marin.stock_storage_category_3,True,9,31,2,Internal Location,CDG-R5F31N2,152,R5F31N2
marin.stock_location_1570,marin.company_lmmr,marin.stock_location_1150,marin.stock_storage_category_4,True,9,31,3,Internal Location,CDG-R5F31N3,153,R5F31N3
marin.stock_location_1571,marin.company_lmmr,marin.stock_location_1150,marin.stock_storage_category_2,True,9,32,1,Internal Location,CDG-R5F32N1,151,R5F32N1
marin.stock_location_1572,marin.company_lmmr,marin.stock_location_1150,marin.stock_storage_category_3,True,9,32,2,Internal Location,CDG-R5F32N2,152,R5F32N2
marin.stock_location_1573,marin.company_lmmr,marin.stock_location_1150,marin.stock_storage_category_4,True,9,32,3,Internal Location,CDG-R5F32N3,153,R5F32N3
marin.stock_location_1574,marin.company_lmmr,marin.stock_location_1151,marin.stock_storage_category_2,True,12,1,1,Internal Location,CDG-R6F01N1,217,R6F01N1
marin.stock_location_1575,marin.company_lmmr,marin.stock_location_1151,marin.stock_storage_category_3,True,12,1,2,Internal Location,CDG-R6F01N2,218,R6F01N2
marin.stock_location_1576,marin.company_lmmr,marin.stock_location_1151,marin.stock_storage_category_4,True,12,1,3,Internal Location,CDG-R6F01N3,219,R6F01N3
marin.stock_location_1577,marin.company_lmmr,marin.stock_location_1151,marin.stock_storage_category_2,True,12,2,1,Internal Location,CDG-R6F02N1,217,R6F02N1
marin.stock_location_1578,marin.company_lmmr,marin.stock_location_1151,marin.stock_storage_category_3,True,12,2,2,Internal Location,CDG-R6F02N2,218,R6F02N2
marin.stock_location_1579,marin.company_lmmr,marin.stock_location_1151,marin.stock_storage_category_4,True,12,2,3,Internal Location,CDG-R6F02N3,219,R6F02N3
marin.stock_location_1580,marin.company_lmmr,marin.stock_location_1151,marin.stock_storage_category_2,True,12,3,1,Internal Location,CDG-R6F03N1,214,R6F03N1
marin.stock_location_1581,marin.company_lmmr,marin.stock_location_1151,marin.stock_storage_category_3,True,12,3,2,Internal Location,CDG-R6F03N2,215,R6F03N2
marin.stock_location_1582,marin.company_lmmr,marin.stock_location_1151,marin.stock_storage_category_4,True,12,3,3,Internal Location,CDG-R6F03N3,216,R6F03N3
marin.stock_location_1583,marin.company_lmmr,marin.stock_location_1151,marin.stock_storage_category_2,True,12,4,1,Internal Location,CDG-R6F04N1,214,R6F04N1
marin.stock_location_1584,marin.company_lmmr,marin.stock_location_1151,marin.stock_storage_category_3,True,12,4,2,Internal Location,CDG-R6F04N2,215,R6F04N2
marin.stock_location_1585,marin.company_lmmr,marin.stock_location_1151,marin.stock_storage_category_4,True,12,4,3,Internal Location,CDG-R6F04N3,216,R6F04N3
marin.stock_location_1586,marin.company_lmmr,marin.stock_location_1151,marin.stock_storage_category_2,True,12,5,1,Internal Location,CDG-R6F05N1,211,R6F05N1
marin.stock_location_1587,marin.company_lmmr,marin.stock_location_1151,marin.stock_storage_category_3,True,12,5,2,Internal Location,CDG-R6F05N2,212,R6F05N2
marin.stock_location_1588,marin.company_lmmr,marin.stock_location_1151,marin.stock_storage_category_4,True,12,5,3,Internal Location,CDG-R6F05N3,213,R6F05N3
marin.stock_location_1589,marin.company_lmmr,marin.stock_location_1151,marin.stock_storage_category_2,True,12,6,1,Internal Location,CDG-R6F06N1,211,R6F06N1
marin.stock_location_1590,marin.company_lmmr,marin.stock_location_1151,marin.stock_storage_category_3,True,12,6,2,Internal Location,CDG-R6F06N2,212,R6F06N2
marin.stock_location_1591,marin.company_lmmr,marin.stock_location_1151,marin.stock_storage_category_4,True,12,6,3,Internal Location,CDG-R6F06N3,213,R6F06N3
marin.stock_location_1592,marin.company_lmmr,marin.stock_location_1151,marin.stock_storage_category_2,True,12,7,1,Internal Location,CDG-R6F07N1,208,R6F07N1
marin.stock_location_1593,marin.company_lmmr,marin.stock_location_1151,marin.stock_storage_category_3,True,12,7,2,Internal Location,CDG-R6F07N2,209,R6F07N2
marin.stock_location_1594,marin.company_lmmr,marin.stock_location_1151,marin.stock_storage_category_4,True,12,7,3,Internal Location,CDG-R6F07N3,210,R6F07N3
marin.stock_location_1595,marin.company_lmmr,marin.stock_location_1151,marin.stock_storage_category_2,True,12,8,1,Internal Location,CDG-R6F08N1,208,R6F08N1
marin.stock_location_1596,marin.company_lmmr,marin.stock_location_1151,marin.stock_storage_category_3,True,12,8,2,Internal Location,CDG-R6F08N2,209,R6F08N2
marin.stock_location_1597,marin.company_lmmr,marin.stock_location_1151,marin.stock_storage_category_4,True,12,8,3,Internal Location,CDG-R6F08N3,210,R6F08N3
marin.stock_location_1598,marin.company_lmmr,marin.stock_location_1151,marin.stock_storage_category_2,True,12,9,1,Internal Location,CDG-R6F09N1,205,R6F09N1
marin.stock_location_1599,marin.company_lmmr,marin.stock_location_1151,marin.stock_storage_category_3,True,12,9,2,Internal Location,CDG-R6F09N2,206,R6F09N2
marin.stock_location_1600,marin.company_lmmr,marin.stock_location_1151,marin.stock_storage_category_4,True,12,9,3,Internal Location,CDG-R6F09N3,207,R6F09N3
marin.stock_location_1601,marin.company_lmmr,marin.stock_location_1151,marin.stock_storage_category_2,True,12,10,1,Internal Location,CDG-R6F10N1,205,R6F10N1
marin.stock_location_1602,marin.company_lmmr,marin.stock_location_1151,marin.stock_storage_category_3,True,12,10,2,Internal Location,CDG-R6F10N2,206,R6F10N2
marin.stock_location_1603,marin.company_lmmr,marin.stock_location_1151,marin.stock_storage_category_4,True,12,10,3,Internal Location,CDG-R6F10N3,207,R6F10N3
marin.stock_location_1604,marin.company_lmmr,marin.stock_location_1151,marin.stock_storage_category_2,True,12,11,1,Internal Location,CDG-R6F11N1,202,R6F11N1
marin.stock_location_1605,marin.company_lmmr,marin.stock_location_1151,marin.stock_storage_category_3,True,12,11,2,Internal Location,CDG-R6F11N2,203,R6F11N2
marin.stock_location_1606,marin.company_lmmr,marin.stock_location_1151,marin.stock_storage_category_4,True,12,11,3,Internal Location,CDG-R6F11N3,204,R6F11N3
marin.stock_location_1607,marin.company_lmmr,marin.stock_location_1151,marin.stock_storage_category_2,True,12,12,1,Internal Location,CDG-R6F12N1,202,R6F12N1
marin.stock_location_1608,marin.company_lmmr,marin.stock_location_1151,marin.stock_storage_category_3,True,12,12,2,Internal Location,CDG-R6F12N2,203,R6F12N2
marin.stock_location_1609,marin.company_lmmr,marin.stock_location_1151,marin.stock_storage_category_4,True,12,12,3,Internal Location,CDG-R6F12N3,204,R6F12N3
marin.stock_location_1610,marin.company_lmmr,marin.stock_location_1151,marin.stock_storage_category_2,True,12,13,1,Internal Location,CDG-R6F13N1,199,R6F13N1
marin.stock_location_1611,marin.company_lmmr,marin.stock_location_1151,marin.stock_storage_category_3,True,12,13,2,Internal Location,CDG-R6F13N2,200,R6F13N2
marin.stock_location_1612,marin.company_lmmr,marin.stock_location_1151,marin.stock_storage_category_4,True,12,13,3,Internal Location,CDG-R6F13N3,201,R6F13N3
marin.stock_location_1613,marin.company_lmmr,marin.stock_location_1151,marin.stock_storage_category_2,True,12,14,1,Internal Location,CDG-R6F14N1,199,R6F14N1
marin.stock_location_1614,marin.company_lmmr,marin.stock_location_1151,marin.stock_storage_category_3,True,12,14,2,Internal Location,CDG-R6F14N2,200,R6F14N2
marin.stock_location_1615,marin.company_lmmr,marin.stock_location_1151,marin.stock_storage_category_4,True,12,14,3,Internal Location,CDG-R6F14N3,201,R6F14N3
marin.stock_location_1616,marin.company_lmmr,marin.stock_location_1151,marin.stock_storage_category_2,True,12,15,1,Internal Location,CDG-R6F15N1,196,R6F15N1
marin.stock_location_1617,marin.company_lmmr,marin.stock_location_1151,marin.stock_storage_category_3,True,12,15,2,Internal Location,CDG-R6F15N2,197,R6F15N2
marin.stock_location_1618,marin.company_lmmr,marin.stock_location_1151,marin.stock_storage_category_4,True,12,15,3,Internal Location,CDG-R6F15N3,198,R6F15N3
marin.stock_location_1619,marin.company_lmmr,marin.stock_location_1151,marin.stock_storage_category_2,True,12,16,1,Internal Location,CDG-R6F16N1,196,R6F16N1
marin.stock_location_1620,marin.company_lmmr,marin.stock_location_1151,marin.stock_storage_category_3,True,12,16,2,Internal Location,CDG-R6F16N2,197,R6F16N2
marin.stock_location_1621,marin.company_lmmr,marin.stock_location_1151,marin.stock_storage_category_4,True,12,16,3,Internal Location,CDG-R6F16N3,198,R6F16N3
marin.stock_location_1622,marin.company_lmmr,marin.stock_location_1151,marin.stock_storage_category_2,True,12,17,1,Internal Location,CDG-R6F17N1,193,R6F17N1
marin.stock_location_1623,marin.company_lmmr,marin.stock_location_1151,marin.stock_storage_category_3,True,12,17,2,Internal Location,CDG-R6F17N2,194,R6F17N2
marin.stock_location_1624,marin.company_lmmr,marin.stock_location_1151,marin.stock_storage_category_4,True,12,17,3,Internal Location,CDG-R6F17N3,195,R6F17N3
marin.stock_location_1625,marin.company_lmmr,marin.stock_location_1151,marin.stock_storage_category_2,True,12,18,1,Internal Location,CDG-R6F18N1,193,R6F18N1
marin.stock_location_1626,marin.company_lmmr,marin.stock_location_1151,marin.stock_storage_category_3,True,12,18,2,Internal Location,CDG-R6F18N2,194,R6F18N2
marin.stock_location_1627,marin.company_lmmr,marin.stock_location_1151,marin.stock_storage_category_4,True,12,18,3,Internal Location,CDG-R6F18N3,195,R6F18N3
marin.stock_location_1628,marin.company_lmmr,marin.stock_location_1151,marin.stock_storage_category_2,True,12,19,1,Internal Location,CDG-R6F19N1,190,R6F19N1
marin.stock_location_1629,marin.company_lmmr,marin.stock_location_1151,marin.stock_storage_category_3,True,12,19,2,Internal Location,CDG-R6F19N2,191,R6F19N2
marin.stock_location_1630,marin.company_lmmr,marin.stock_location_1151,marin.stock_storage_category_4,True,12,19,3,Internal Location,CDG-R6F19N3,192,R6F19N3
marin.stock_location_1631,marin.company_lmmr,marin.stock_location_1151,marin.stock_storage_category_2,True,12,20,1,Internal Location,CDG-R6F20N1,190,R6F20N1
marin.stock_location_1632,marin.company_lmmr,marin.stock_location_1151,marin.stock_storage_category_3,True,12,20,2,Internal Location,CDG-R6F20N2,191,R6F20N2
marin.stock_location_1633,marin.company_lmmr,marin.stock_location_1151,marin.stock_storage_category_4,True,12,20,3,Internal Location,CDG-R6F20N3,192,R6F20N3
marin.stock_location_1634,marin.company_lmmr,marin.stock_location_1151,marin.stock_storage_category_2,True,12,21,1,Internal Location,CDG-R6F21N1,184,R6F21N1
marin.stock_location_1635,marin.company_lmmr,marin.stock_location_1151,marin.stock_storage_category_3,True,12,21,2,Internal Location,CDG-R6F21N2,185,R6F21N2
marin.stock_location_1636,marin.company_lmmr,marin.stock_location_1151,marin.stock_storage_category_4,True,12,21,3,Internal Location,CDG-R6F21N3,186,R6F21N3
marin.stock_location_1637,marin.company_lmmr,marin.stock_location_1151,marin.stock_storage_category_2,True,12,22,1,Internal Location,CDG-R6F22N1,184,R6F22N1
marin.stock_location_1638,marin.company_lmmr,marin.stock_location_1151,marin.stock_storage_category_3,True,12,22,2,Internal Location,CDG-R6F22N2,185,R6F22N2
marin.stock_location_1639,marin.company_lmmr,marin.stock_location_1151,marin.stock_storage_category_4,True,12,22,3,Internal Location,CDG-R6F22N3,186,R6F22N3
marin.stock_location_1640,marin.company_lmmr,marin.stock_location_1151,marin.stock_storage_category_2,True,12,23,1,Internal Location,CDG-R6F23N1,178,R6F23N1
marin.stock_location_1641,marin.company_lmmr,marin.stock_location_1151,marin.stock_storage_category_3,True,12,23,2,Internal Location,CDG-R6F23N2,179,R6F23N2
marin.stock_location_1642,marin.company_lmmr,marin.stock_location_1151,marin.stock_storage_category_4,True,12,23,3,Internal Location,CDG-R6F23N3,180,R6F23N3
marin.stock_location_1643,marin.company_lmmr,marin.stock_location_1151,marin.stock_storage_category_2,True,12,24,1,Internal Location,CDG-R6F24N1,178,R6F24N1
marin.stock_location_1644,marin.company_lmmr,marin.stock_location_1151,marin.stock_storage_category_3,True,12,24,2,Internal Location,CDG-R6F24N2,179,R6F24N2
marin.stock_location_1645,marin.company_lmmr,marin.stock_location_1151,marin.stock_storage_category_4,True,12,24,3,Internal Location,CDG-R6F24N3,180,R6F24N3
marin.stock_location_1646,marin.company_lmmr,marin.stock_location_1151,marin.stock_storage_category_2,True,12,25,1,Internal Location,CDG-R6F25N1,172,R6F25N1
marin.stock_location_1647,marin.company_lmmr,marin.stock_location_1151,marin.stock_storage_category_3,True,12,25,2,Internal Location,CDG-R6F25N2,173,R6F25N2
marin.stock_location_1648,marin.company_lmmr,marin.stock_location_1151,marin.stock_storage_category_4,True,12,25,3,Internal Location,CDG-R6F25N3,174,R6F25N3
marin.stock_location_1649,marin.company_lmmr,marin.stock_location_1151,marin.stock_storage_category_2,True,12,26,1,Internal Location,CDG-R6F26N1,172,R6F26N1
marin.stock_location_1650,marin.company_lmmr,marin.stock_location_1151,marin.stock_storage_category_3,True,12,26,2,Internal Location,CDG-R6F26N2,173,R6F26N2
marin.stock_location_1651,marin.company_lmmr,marin.stock_location_1151,marin.stock_storage_category_4,True,12,26,3,Internal Location,CDG-R6F26N3,174,R6F26N3
marin.stock_location_1652,marin.company_lmmr,marin.stock_location_1151,marin.stock_storage_category_2,True,12,27,1,Internal Location,CDG-R6F27N1,166,R6F27N1
marin.stock_location_1653,marin.company_lmmr,marin.stock_location_1151,marin.stock_storage_category_3,True,12,27,2,Internal Location,CDG-R6F27N2,167,R6F27N2
marin.stock_location_1654,marin.company_lmmr,marin.stock_location_1151,marin.stock_storage_category_4,True,12,27,3,Internal Location,CDG-R6F27N3,168,R6F27N3
marin.stock_location_1655,marin.company_lmmr,marin.stock_location_1151,marin.stock_storage_category_2,True,12,28,1,Internal Location,CDG-R6F28N1,166,R6F28N1
marin.stock_location_1656,marin.company_lmmr,marin.stock_location_1151,marin.stock_storage_category_3,True,12,28,2,Internal Location,CDG-R6F28N2,167,R6F28N2
marin.stock_location_1657,marin.company_lmmr,marin.stock_location_1151,marin.stock_storage_category_4,True,12,28,3,Internal Location,CDG-R6F28N3,168,R6F28N3
marin.stock_location_1658,marin.company_lmmr,marin.stock_location_1151,marin.stock_storage_category_2,True,12,29,1,Internal Location,CDG-R6F29N1,160,R6F29N1
marin.stock_location_1659,marin.company_lmmr,marin.stock_location_1151,marin.stock_storage_category_3,True,12,29,2,Internal Location,CDG-R6F29N2,161,R6F29N2
marin.stock_location_1660,marin.company_lmmr,marin.stock_location_1151,marin.stock_storage_category_4,True,12,29,3,Internal Location,CDG-R6F29N3,162,R6F29N3
marin.stock_location_1661,marin.company_lmmr,marin.stock_location_1151,marin.stock_storage_category_2,True,12,30,1,Internal Location,CDG-R6F30N1,160,R6F30N1
marin.stock_location_1662,marin.company_lmmr,marin.stock_location_1151,marin.stock_storage_category_3,True,12,30,2,Internal Location,CDG-R6F30N2,161,R6F30N2
marin.stock_location_1663,marin.company_lmmr,marin.stock_location_1151,marin.stock_storage_category_4,True,12,30,3,Internal Location,CDG-R6F30N3,162,R6F30N3
marin.stock_location_1664,marin.company_lmmr,marin.stock_location_1151,marin.stock_storage_category_2,True,12,31,1,Internal Location,CDG-R6F31N1,154,R6F31N1
marin.stock_location_1665,marin.company_lmmr,marin.stock_location_1151,marin.stock_storage_category_3,True,12,31,2,Internal Location,CDG-R6F31N2,155,R6F31N2
marin.stock_location_1666,marin.company_lmmr,marin.stock_location_1151,marin.stock_storage_category_4,True,12,31,3,Internal Location,CDG-R6F31N3,156,R6F31N3
marin.stock_location_1667,marin.company_lmmr,marin.stock_location_1151,marin.stock_storage_category_2,True,12,32,1,Internal Location,CDG-R6F32N1,154,R6F32N1
marin.stock_location_1668,marin.company_lmmr,marin.stock_location_1151,marin.stock_storage_category_3,True,12,32,2,Internal Location,CDG-R6F32N2,155,R6F32N2
marin.stock_location_1669,marin.company_lmmr,marin.stock_location_1151,marin.stock_storage_category_4,True,12,32,3,Internal Location,CDG-R6F32N3,156,R6F32N3
marin.stock_location_1670,marin.company_lmmr,marin.stock_location_1151,marin.stock_storage_category_2,True,12,33,1,Internal Location,CDG-R6F33N1,148,R6F33N1
marin.stock_location_1671,marin.company_lmmr,marin.stock_location_1151,marin.stock_storage_category_3,True,12,33,2,Internal Location,CDG-R6F33N2,149,R6F33N2
marin.stock_location_1672,marin.company_lmmr,marin.stock_location_1151,marin.stock_storage_category_4,True,12,33,3,Internal Location,CDG-R6F33N3,150,R6F33N3
marin.stock_location_1673,marin.company_lmmr,marin.stock_location_1151,marin.stock_storage_category_2,True,12,34,1,Internal Location,CDG-R6F34N1,148,R6F34N1
marin.stock_location_1674,marin.company_lmmr,marin.stock_location_1151,marin.stock_storage_category_3,True,12,34,2,Internal Location,CDG-R6F34N2,149,R6F34N2
marin.stock_location_1675,marin.company_lmmr,marin.stock_location_1151,marin.stock_storage_category_4,True,12,34,3,Internal Location,CDG-R6F34N3,150,R6F34N3
marin.stock_location_1676,marin.company_lmmr,marin.stock_location_1151,marin.stock_storage_category_2,True,12,35,1,Internal Location,CDG-R6F35N1,145,R6F35N1
marin.stock_location_1677,marin.company_lmmr,marin.stock_location_1151,marin.stock_storage_category_3,True,12,35,2,Internal Location,CDG-R6F35N2,146,R6F35N2
marin.stock_location_1678,marin.company_lmmr,marin.stock_location_1151,marin.stock_storage_category_4,True,12,35,3,Internal Location,CDG-R6F35N3,147,R6F35N3
marin.stock_location_1679,marin.company_lmmr,marin.stock_location_1151,marin.stock_storage_category_2,True,12,36,1,Internal Location,CDG-R6F36N1,145,R6F36N1
marin.stock_location_1680,marin.company_lmmr,marin.stock_location_1151,marin.stock_storage_category_3,True,12,36,2,Internal Location,CDG-R6F36N2,146,R6F36N2
marin.stock_location_1681,marin.company_lmmr,marin.stock_location_1151,marin.stock_storage_category_4,True,12,36,3,Internal Location,CDG-R6F36N3,147,R6F36N3
marin.stock_location_1682,marin.company_lmmr,marin.stock_location_1152,marin.stock_storage_category_2,True,2,37,1,Internal Location,CDG-R7F01N1,84,R7F01N1
marin.stock_location_1683,marin.company_lmmr,marin.stock_location_1152,marin.stock_storage_category_3,True,2,37,2,Internal Location,CDG-R7F01N2,85,R7F01N2
marin.stock_location_1684,marin.company_lmmr,marin.stock_location_1152,marin.stock_storage_category_4,True,2,37,3,Internal Location,CDG-R7F01N3,86,R7F01N3
marin.stock_location_1685,marin.company_lmmr,marin.stock_location_1152,marin.stock_storage_category_7,True,2,37,4,Internal Location,CDG-R7F01N4,87,R7F01N4
marin.stock_location_1686,marin.company_lmmr,marin.stock_location_1152,marin.stock_storage_category_2,True,3,37,1,Internal Location,CDG-R7F02N1,84,R7F02N1
marin.stock_location_1687,marin.company_lmmr,marin.stock_location_1152,marin.stock_storage_category_3,True,3,37,2,Internal Location,CDG-R7F02N2,85,R7F02N2
marin.stock_location_1688,marin.company_lmmr,marin.stock_location_1152,marin.stock_storage_category_4,True,3,37,3,Internal Location,CDG-R7F02N3,86,R7F02N3
marin.stock_location_1689,marin.company_lmmr,marin.stock_location_1152,marin.stock_storage_category_7,True,3,37,4,Internal Location,CDG-R7F02N4,87,R7F02N4
marin.stock_location_1690,marin.company_lmmr,marin.stock_location_1152,marin.stock_storage_category_2,True,4,37,1,Internal Location,CDG-R7F03N1,88,R7F03N1
marin.stock_location_1691,marin.company_lmmr,marin.stock_location_1152,marin.stock_storage_category_3,True,4,37,2,Internal Location,CDG-R7F03N2,89,R7F03N2
marin.stock_location_1692,marin.company_lmmr,marin.stock_location_1152,marin.stock_storage_category_4,True,4,37,3,Internal Location,CDG-R7F03N3,89,R7F03N3
marin.stock_location_1693,marin.company_lmmr,marin.stock_location_1152,marin.stock_storage_category_7,True,4,37,4,Internal Location,CDG-R7F03N4,90,R7F03N4
marin.stock_location_1694,marin.company_lmmr,marin.stock_location_1152,marin.stock_storage_category_2,True,5,37,1,Internal Location,CDG-R7F04N1,88,R7F04N1
marin.stock_location_1695,marin.company_lmmr,marin.stock_location_1152,marin.stock_storage_category_3,True,5,37,2,Internal Location,CDG-R7F04N2,89,R7F04N2
marin.stock_location_1696,marin.company_lmmr,marin.stock_location_1152,marin.stock_storage_category_4,True,5,37,3,Internal Location,CDG-R7F04N3,89,R7F04N3
marin.stock_location_1697,marin.company_lmmr,marin.stock_location_1152,marin.stock_storage_category_7,True,5,37,4,Internal Location,CDG-R7F04N4,90,R7F04N4
marin.stock_location_1698,marin.company_lmmr,marin.stock_location_1152,marin.stock_storage_category_2,True,6,37,1,Internal Location,CDG-R7F05N1,91,R7F05N1
marin.stock_location_1699,marin.company_lmmr,marin.stock_location_1152,marin.stock_storage_category_3,True,6,37,2,Internal Location,CDG-R7F05N2,92,R7F05N2
marin.stock_location_1700,marin.company_lmmr,marin.stock_location_1152,marin.stock_storage_category_4,True,6,37,3,Internal Location,CDG-R7F05N3,93,R7F05N3
marin.stock_location_1701,marin.company_lmmr,marin.stock_location_1152,marin.stock_storage_category_7,True,6,37,4,Internal Location,CDG-R7F05N4,94,R7F05N4
marin.stock_location_1702,marin.company_lmmr,marin.stock_location_1152,marin.stock_storage_category_2,True,7,37,1,Internal Location,CDG-R7F06N1,91,R7F06N1
marin.stock_location_1703,marin.company_lmmr,marin.stock_location_1152,marin.stock_storage_category_3,True,7,37,2,Internal Location,CDG-R7F06N2,92,R7F06N2
marin.stock_location_1704,marin.company_lmmr,marin.stock_location_1152,marin.stock_storage_category_4,True,7,37,3,Internal Location,CDG-R7F06N3,93,R7F06N3
marin.stock_location_1705,marin.company_lmmr,marin.stock_location_1152,marin.stock_storage_category_7,True,7,37,4,Internal Location,CDG-R7F06N4,93,R7F06N4
marin.stock_location_1706,marin.company_lmmr,marin.stock_location_1152,marin.stock_storage_category_2,True,8,37,1,Internal Location,CDG-R7F07N1,137,R7F07N1
marin.stock_location_1707,marin.company_lmmr,marin.stock_location_1152,marin.stock_storage_category_3,True,8,37,2,Internal Location,CDG-R7F07N2,138,R7F07N2
marin.stock_location_1708,marin.company_lmmr,marin.stock_location_1152,marin.stock_storage_category_4,True,8,37,3,Internal Location,CDG-R7F07N3,139,R7F07N3
marin.stock_location_1709,marin.company_lmmr,marin.stock_location_1152,marin.stock_storage_category_7,True,8,37,4,Internal Location,CDG-R7F07N4,140,R7F07N4
marin.stock_location_1710,marin.company_lmmr,marin.stock_location_1152,marin.stock_storage_category_2,True,9,37,1,Internal Location,CDG-R7F08N1,137,R7F08N1
marin.stock_location_1711,marin.company_lmmr,marin.stock_location_1152,marin.stock_storage_category_3,True,9,37,2,Internal Location,CDG-R7F08N2,138,R7F08N2
marin.stock_location_1712,marin.company_lmmr,marin.stock_location_1152,marin.stock_storage_category_4,True,9,37,3,Internal Location,CDG-R7F08N3,139,R7F08N3
marin.stock_location_1713,marin.company_lmmr,marin.stock_location_1152,marin.stock_storage_category_7,True,9,37,4,Internal Location,CDG-R7F08N4,140,R7F08N4
marin.stock_location_1714,marin.company_lmmr,marin.stock_location_1152,marin.stock_storage_category_2,True,10,37,1,Internal Location,CDG-R7F09N1,141,R7F09N1
marin.stock_location_1715,marin.company_lmmr,marin.stock_location_1152,marin.stock_storage_category_3,True,10,37,2,Internal Location,CDG-R7F09N2,142,R7F09N2
marin.stock_location_1716,marin.company_lmmr,marin.stock_location_1152,marin.stock_storage_category_4,True,10,37,3,Internal Location,CDG-R7F09N3,143,R7F09N3
marin.stock_location_1717,marin.company_lmmr,marin.stock_location_1152,marin.stock_storage_category_7,True,10,37,4,Internal Location,CDG-R7F09N4,144,R7F09N4
marin.stock_location_1718,marin.company_lmmr,marin.stock_location_1152,marin.stock_storage_category_2,True,11,37,1,Internal Location,CDG-R7F10N1,141,R7F10N1
marin.stock_location_1719,marin.company_lmmr,marin.stock_location_1152,marin.stock_storage_category_3,True,11,37,2,Internal Location,CDG-R7F10N2,142,R7F10N2
marin.stock_location_1720,marin.company_lmmr,marin.stock_location_1152,marin.stock_storage_category_4,True,11,37,3,Internal Location,CDG-R7F10N3,143,R7F10N3
marin.stock_location_1721,marin.company_lmmr,marin.stock_location_1152,marin.stock_storage_category_7,True,11,37,4,Internal Location,CDG-R7F10N4,144,R7F10N4
